,model_A,model_B,mdr_A,mdr_B,K,jaccard_index,overlap_count
1,"LD=1, SS=1","LD=1, SS=2",5.1836,5.091,100,0.8691588785046729,93
4,"LD=1, SS=1","LD=1, SS=4",5.1836,4.8493,100,0.8691588785046729,93
7,"LD=1, SS=1","LD=1, SS=8",5.1836,5.1752,100,0.9801980198019802,99
10,"LD=1, SS=1","LD=1, SS=16",5.1836,4.3307,100,0.5503875968992248,71
13,"LD=1, SS=1","LD=1, SS=32",5.1836,4.1619,100,0.4925373134328358,66
16,"LD=1, SS=1","LD=1, SS=64",5.1836,4.3166,100,0.45985401459854014,63
19,"LD=1, SS=1","LD=2, SS=1",5.1836,5.1944,100,1.0,100
22,"LD=1, SS=1","LD=2, SS=2",5.1836,4.9573,100,0.9801980198019802,99
25,"LD=1, SS=1","LD=2, SS=4",5.1836,5.2935,100,0.9801980198019802,99
28,"LD=1, SS=1","LD=2, SS=8",5.1836,4.1817,100,0.4492753623188406,62
31,"LD=1, SS=1","LD=2, SS=16",5.1836,3.2505,100,0.3157894736842105,48
34,"LD=1, SS=1","LD=2, SS=32",5.1836,4.0203,100,0.36054421768707484,53
37,"LD=1, SS=1","LD=2, SS=64",5.1836,4.3853,100,0.47058823529411764,64
40,"LD=1, SS=1","LD=4, SS=1",5.1836,5.525,100,0.9607843137254902,98
43,"LD=1, SS=1","LD=4, SS=2",5.1836,5.16,100,0.9607843137254902,98
46,"LD=1, SS=1","LD=4, SS=4",5.1836,4.4068,100,0.2987012987012987,46
49,"LD=1, SS=1","LD=4, SS=8",5.1836,3.1412,100,0.3698630136986301,54
52,"LD=1, SS=1","LD=4, SS=16",5.1836,2.5852,100,0.19760479041916168,33
55,"LD=1, SS=1","LD=4, SS=32",5.1836,3.7566,100,0.36054421768707484,53
58,"LD=1, SS=1","LD=4, SS=64",5.1836,4.7151,100,0.43884892086330934,61
61,"LD=1, SS=1","LD=8, SS=1",5.1836,5.1164,100,0.9801980198019802,99
64,"LD=1, SS=1","LD=8, SS=2",5.1836,5.2656,100,0.9230769230769231,96
67,"LD=1, SS=1","LD=8, SS=4",5.1836,4.1274,100,0.42857142857142855,60
70,"LD=1, SS=1","LD=8, SS=8",5.1836,2.9843,100,0.21212121212121213,35
73,"LD=1, SS=1","LD=8, SS=16",5.1836,2.8322,100,0.19760479041916168,33
76,"LD=1, SS=1","LD=8, SS=32",5.1836,3.4086,100,0.26582278481012656,42
79,"LD=1, SS=1","LD=8, SS=64",5.1836,5.0874,100,0.48148148148148145,65
82,"LD=1, SS=1","LD=16, SS=1",5.1836,5.1203,100,0.9230769230769231,96
85,"LD=1, SS=1","LD=16, SS=2",5.1836,5.4975,100,0.7241379310344828,84
88,"LD=1, SS=1","LD=16, SS=4",5.1836,4.3131,100,0.9801980198019802,99
91,"LD=1, SS=1","LD=16, SS=8",5.1836,2.627,100,0.19047619047619047,32
94,"LD=1, SS=1","LD=16, SS=16",5.1836,2.8996,100,0.2345679012345679,38
97,"LD=1, SS=1","LD=16, SS=32",5.1836,3.5236,100,0.35135135135135137,52
100,"LD=1, SS=1","LD=16, SS=64",5.1836,4.838,100,0.41843971631205673,59
103,"LD=1, SS=1","LD=32, SS=1",5.1836,6.0802,100,0.7543859649122807,86
106,"LD=1, SS=1","LD=32, SS=2",5.1836,4.9217,100,0.9801980198019802,99
109,"LD=1, SS=1","LD=32, SS=4",5.1836,2.7115,100,0.22699386503067484,37
112,"LD=1, SS=1","LD=32, SS=8",5.1836,2.9311,100,0.2345679012345679,38
115,"LD=1, SS=1","LD=32, SS=16",5.1836,3.1822,100,0.28205128205128205,44
118,"LD=1, SS=1","LD=32, SS=32",5.1836,3.3407,100,0.2903225806451613,45
121,"LD=1, SS=1","LD=64, SS=1",5.1836,5.1779,100,0.9801980198019802,99
124,"LD=1, SS=1","LD=64, SS=2",5.1836,2.7685,100,0.22699386503067484,37
127,"LD=1, SS=1","LD=64, SS=4",5.1836,3.0636,100,0.20481927710843373,34
130,"LD=1, SS=1","LD=64, SS=8",5.1836,3.0507,100,0.2578616352201258,41
133,"LD=1, SS=1","LD=64, SS=16",5.1836,3.1088,100,0.30718954248366015,47
136,"LD=1, SS=2","LD=1, SS=4",5.091,4.8493,100,0.7699115044247787,87
139,"LD=1, SS=2","LD=1, SS=8",5.091,5.1752,100,0.8518518518518519,92
142,"LD=1, SS=2","LD=1, SS=16",5.091,4.3307,100,0.5267175572519084,69
145,"LD=1, SS=2","LD=1, SS=32",5.091,4.1619,100,0.4925373134328358,66
148,"LD=1, SS=2","LD=1, SS=64",5.091,4.3166,100,0.45985401459854014,63
151,"LD=1, SS=2","LD=2, SS=1",5.091,5.1944,100,0.8691588785046729,93
154,"LD=1, SS=2","LD=2, SS=2",5.091,4.9573,100,0.8691588785046729,93
157,"LD=1, SS=2","LD=2, SS=4",5.091,5.2935,100,0.8518518518518519,92
160,"LD=1, SS=2","LD=2, SS=8",5.091,4.1817,100,0.45985401459854014,63
163,"LD=1, SS=2","LD=2, SS=16",5.091,3.2505,100,0.3333333333333333,50
166,"LD=1, SS=2","LD=2, SS=32",5.091,4.0203,100,0.3793103448275862,55
169,"LD=1, SS=2","LD=2, SS=64",5.091,4.3853,100,0.47058823529411764,64
172,"LD=1, SS=2","LD=4, SS=1",5.091,5.525,100,0.8348623853211009,91
175,"LD=1, SS=2","LD=4, SS=2",5.091,5.16,100,0.8348623853211009,91
178,"LD=1, SS=2","LD=4, SS=4",5.091,4.4068,100,0.2903225806451613,45
181,"LD=1, SS=2","LD=4, SS=8",5.091,3.1412,100,0.3698630136986301,54
184,"LD=1, SS=2","LD=4, SS=16",5.091,2.5852,100,0.19760479041916168,33
187,"LD=1, SS=2","LD=4, SS=32",5.091,3.7566,100,0.3698630136986301,54
190,"LD=1, SS=2","LD=4, SS=64",5.091,4.7151,100,0.43884892086330934,61
193,"LD=1, SS=2","LD=8, SS=1",5.091,5.1164,100,0.8518518518518519,92
196,"LD=1, SS=2","LD=8, SS=2",5.091,5.2656,100,0.8348623853211009,91
199,"LD=1, SS=2","LD=8, SS=4",5.091,4.1274,100,0.42857142857142855,60
202,"LD=1, SS=2","LD=8, SS=8",5.091,2.9843,100,0.21212121212121213,35
205,"LD=1, SS=2","LD=8, SS=16",5.091,2.8322,100,0.20481927710843373,34
208,"LD=1, SS=2","LD=8, SS=32",5.091,3.4086,100,0.2903225806451613,45
211,"LD=1, SS=2","LD=8, SS=64",5.091,5.0874,100,0.47058823529411764,64
214,"LD=1, SS=2","LD=16, SS=1",5.091,5.1203,100,0.8518518518518519,92
217,"LD=1, SS=2","LD=16, SS=2",5.091,5.4975,100,0.6949152542372882,82
220,"LD=1, SS=2","LD=16, SS=4",5.091,4.3131,100,0.8518518518518519,92
223,"LD=1, SS=2","LD=16, SS=8",5.091,2.627,100,0.1834319526627219,31
226,"LD=1, SS=2","LD=16, SS=16",5.091,2.8996,100,0.2422360248447205,39
229,"LD=1, SS=2","LD=16, SS=32",5.091,3.5236,100,0.36054421768707484,53
232,"LD=1, SS=2","LD=16, SS=64",5.091,4.838,100,0.42857142857142855,60
235,"LD=1, SS=2","LD=32, SS=1",5.091,6.0802,100,0.6949152542372882,82
238,"LD=1, SS=2","LD=32, SS=2",5.091,4.9217,100,0.8518518518518519,92
241,"LD=1, SS=2","LD=32, SS=4",5.091,2.7115,100,0.2345679012345679,38
244,"LD=1, SS=2","LD=32, SS=8",5.091,2.9311,100,0.2345679012345679,38
247,"LD=1, SS=2","LD=32, SS=16",5.091,3.1822,100,0.2903225806451613,45
250,"LD=1, SS=2","LD=32, SS=32",5.091,3.3407,100,0.3157894736842105,48
253,"LD=1, SS=2","LD=64, SS=1",5.091,5.1779,100,0.8518518518518519,92
256,"LD=1, SS=2","LD=64, SS=2",5.091,2.7685,100,0.22699386503067484,37
259,"LD=1, SS=2","LD=64, SS=4",5.091,3.0636,100,0.21212121212121213,35
262,"LD=1, SS=2","LD=64, SS=8",5.091,3.0507,100,0.26582278481012656,42
265,"LD=1, SS=2","LD=64, SS=16",5.091,3.1088,100,0.2987012987012987,46
268,"LD=1, SS=4","LD=1, SS=8",4.8493,5.1752,100,0.8691588785046729,93
271,"LD=1, SS=4","LD=1, SS=16",4.8493,4.3307,100,0.5151515151515151,68
274,"LD=1, SS=4","LD=1, SS=32",4.8493,4.1619,100,0.45985401459854014,63
277,"LD=1, SS=4","LD=1, SS=64",4.8493,4.3166,100,0.42857142857142855,60
280,"LD=1, SS=4","LD=2, SS=1",4.8493,5.1944,100,0.8691588785046729,93
283,"LD=1, SS=4","LD=2, SS=2",4.8493,4.9573,100,0.8691588785046729,93
286,"LD=1, SS=4","LD=2, SS=4",4.8493,5.2935,100,0.8691588785046729,93
289,"LD=1, SS=4","LD=2, SS=8",4.8493,4.1817,100,0.4084507042253521,58
292,"LD=1, SS=4","LD=2, SS=16",4.8493,3.2505,100,0.28205128205128205,44
295,"LD=1, SS=4","LD=2, SS=32",4.8493,4.0203,100,0.3333333333333333,50
298,"LD=1, SS=4","LD=2, SS=64",4.8493,4.3853,100,0.4492753623188406,62
301,"LD=1, SS=4","LD=4, SS=1",4.8493,5.525,100,0.8348623853211009,91
304,"LD=1, SS=4","LD=4, SS=2",4.8493,5.16,100,0.8518518518518519,92
307,"LD=1, SS=4","LD=4, SS=4",4.8493,4.4068,100,0.2578616352201258,41
310,"LD=1, SS=4","LD=4, SS=8",4.8493,3.1412,100,0.3422818791946309,51
313,"LD=1, SS=4","LD=4, SS=16",4.8493,2.5852,100,0.17647058823529413,30
316,"LD=1, SS=4","LD=4, SS=32",4.8493,3.7566,100,0.32450331125827814,49
319,"LD=1, SS=4","LD=4, SS=64",4.8493,4.7151,100,0.4084507042253521,58
322,"LD=1, SS=4","LD=8, SS=1",4.8493,5.1164,100,0.8518518518518519,92
325,"LD=1, SS=4","LD=8, SS=2",4.8493,5.2656,100,0.8348623853211009,91
328,"LD=1, SS=4","LD=8, SS=4",4.8493,4.1274,100,0.42857142857142855,60
331,"LD=1, SS=4","LD=8, SS=8",4.8493,2.9843,100,0.19760479041916168,33
334,"LD=1, SS=4","LD=8, SS=16",4.8493,2.8322,100,0.1834319526627219,31
337,"LD=1, SS=4","LD=8, SS=32",4.8493,3.4086,100,0.2345679012345679,38
340,"LD=1, SS=4","LD=8, SS=64",4.8493,5.0874,100,0.45985401459854014,63
343,"LD=1, SS=4","LD=16, SS=1",4.8493,5.1203,100,0.8348623853211009,91
346,"LD=1, SS=4","LD=16, SS=2",4.8493,5.4975,100,0.680672268907563,81
349,"LD=1, SS=4","LD=16, SS=4",4.8493,4.3131,100,0.8691588785046729,93
352,"LD=1, SS=4","LD=16, SS=8",4.8493,2.627,100,0.17647058823529413,30
355,"LD=1, SS=4","LD=16, SS=16",4.8493,2.8996,100,0.2345679012345679,38
358,"LD=1, SS=4","LD=16, SS=32",4.8493,3.5236,100,0.3333333333333333,50
361,"LD=1, SS=4","LD=16, SS=64",4.8493,4.838,100,0.3793103448275862,55
364,"LD=1, SS=4","LD=32, SS=1",4.8493,6.0802,100,0.7241379310344828,84
367,"LD=1, SS=4","LD=32, SS=2",4.8493,4.9217,100,0.8691588785046729,93
370,"LD=1, SS=4","LD=32, SS=4",4.8493,2.7115,100,0.21212121212121213,35
373,"LD=1, SS=4","LD=32, SS=8",4.8493,2.9311,100,0.21951219512195122,36
376,"LD=1, SS=4","LD=32, SS=16",4.8493,3.1822,100,0.27388535031847133,43
379,"LD=1, SS=4","LD=32, SS=32",4.8493,3.3407,100,0.2903225806451613,45
382,"LD=1, SS=4","LD=64, SS=1",4.8493,5.1779,100,0.8691588785046729,93
385,"LD=1, SS=4","LD=64, SS=2",4.8493,2.7685,100,0.2345679012345679,38
388,"LD=1, SS=4","LD=64, SS=4",4.8493,3.0636,100,0.21212121212121213,35
391,"LD=1, SS=4","LD=64, SS=8",4.8493,3.0507,100,0.2345679012345679,38
394,"LD=1, SS=4","LD=64, SS=16",4.8493,3.1088,100,0.28205128205128205,44
397,"LD=1, SS=8","LD=1, SS=16",5.1752,4.3307,100,0.5384615384615384,70
400,"LD=1, SS=8","LD=1, SS=32",5.1752,4.1619,100,0.48148148148148145,65
403,"LD=1, SS=8","LD=1, SS=64",5.1752,4.3166,100,0.4492753623188406,62
406,"LD=1, SS=8","LD=2, SS=1",5.1752,5.1944,100,0.9801980198019802,99
409,"LD=1, SS=8","LD=2, SS=2",5.1752,4.9573,100,0.9607843137254902,98
412,"LD=1, SS=8","LD=2, SS=4",5.1752,5.2935,100,1.0,100
415,"LD=1, SS=8","LD=2, SS=8",5.1752,4.1817,100,0.43884892086330934,61
418,"LD=1, SS=8","LD=2, SS=16",5.1752,3.2505,100,0.3157894736842105,48
421,"LD=1, SS=8","LD=2, SS=32",5.1752,4.0203,100,0.36054421768707484,53
424,"LD=1, SS=8","LD=2, SS=64",5.1752,4.3853,100,0.47058823529411764,64
427,"LD=1, SS=8","LD=4, SS=1",5.1752,5.525,100,0.941747572815534,97
430,"LD=1, SS=8","LD=4, SS=2",5.1752,5.16,100,0.9607843137254902,98
433,"LD=1, SS=8","LD=4, SS=4",5.1752,4.4068,100,0.2903225806451613,45
436,"LD=1, SS=8","LD=4, SS=8",5.1752,3.1412,100,0.36054421768707484,53
439,"LD=1, SS=8","LD=4, SS=16",5.1752,2.5852,100,0.19760479041916168,33
442,"LD=1, SS=8","LD=4, SS=32",5.1752,3.7566,100,0.36054421768707484,53
445,"LD=1, SS=8","LD=4, SS=64",5.1752,4.7151,100,0.43884892086330934,61
448,"LD=1, SS=8","LD=8, SS=1",5.1752,5.1164,100,0.9801980198019802,99
451,"LD=1, SS=8","LD=8, SS=2",5.1752,5.2656,100,0.9230769230769231,96
454,"LD=1, SS=8","LD=8, SS=4",5.1752,4.1274,100,0.42857142857142855,60
457,"LD=1, SS=8","LD=8, SS=8",5.1752,2.9843,100,0.21212121212121213,35
460,"LD=1, SS=8","LD=8, SS=16",5.1752,2.8322,100,0.19760479041916168,33
463,"LD=1, SS=8","LD=8, SS=32",5.1752,3.4086,100,0.2578616352201258,41
466,"LD=1, SS=8","LD=8, SS=64",5.1752,5.0874,100,0.48148148148148145,65
469,"LD=1, SS=8","LD=16, SS=1",5.1752,5.1203,100,0.9230769230769231,96
472,"LD=1, SS=8","LD=16, SS=2",5.1752,5.4975,100,0.7094017094017094,83
475,"LD=1, SS=8","LD=16, SS=4",5.1752,4.3131,100,1.0,100
478,"LD=1, SS=8","LD=16, SS=8",5.1752,2.627,100,0.19047619047619047,32
481,"LD=1, SS=8","LD=16, SS=16",5.1752,2.8996,100,0.2345679012345679,38
484,"LD=1, SS=8","LD=16, SS=32",5.1752,3.5236,100,0.3422818791946309,51
487,"LD=1, SS=8","LD=16, SS=64",5.1752,4.838,100,0.41843971631205673,59
490,"LD=1, SS=8","LD=32, SS=1",5.1752,6.0802,100,0.7543859649122807,86
493,"LD=1, SS=8","LD=32, SS=2",5.1752,4.9217,100,1.0,100
496,"LD=1, SS=8","LD=32, SS=4",5.1752,2.7115,100,0.22699386503067484,37
499,"LD=1, SS=8","LD=32, SS=8",5.1752,2.9311,100,0.2345679012345679,38
502,"LD=1, SS=8","LD=32, SS=16",5.1752,3.1822,100,0.27388535031847133,43
505,"LD=1, SS=8","LD=32, SS=32",5.1752,3.3407,100,0.28205128205128205,44
508,"LD=1, SS=8","LD=64, SS=1",5.1752,5.1779,100,1.0,100
511,"LD=1, SS=8","LD=64, SS=2",5.1752,2.7685,100,0.22699386503067484,37
514,"LD=1, SS=8","LD=64, SS=4",5.1752,3.0636,100,0.20481927710843373,34
517,"LD=1, SS=8","LD=64, SS=8",5.1752,3.0507,100,0.2578616352201258,41
520,"LD=1, SS=8","LD=64, SS=16",5.1752,3.1088,100,0.30718954248366015,47
523,"LD=1, SS=16","LD=1, SS=32",4.3307,4.1619,100,0.7699115044247787,87
526,"LD=1, SS=16","LD=1, SS=64",4.3307,4.3166,100,0.7241379310344828,84
529,"LD=1, SS=16","LD=2, SS=1",4.3307,5.1944,100,0.5503875968992248,71
532,"LD=1, SS=16","LD=2, SS=2",4.3307,4.9573,100,0.5503875968992248,71
535,"LD=1, SS=16","LD=2, SS=4",4.3307,5.2935,100,0.5384615384615384,70
538,"LD=1, SS=16","LD=2, SS=8",4.3307,4.1817,100,0.5503875968992248,71
541,"LD=1, SS=16","LD=2, SS=16",4.3307,3.2505,100,0.3422818791946309,51
544,"LD=1, SS=16","LD=2, SS=32",4.3307,4.0203,100,0.43884892086330934,61
547,"LD=1, SS=16","LD=2, SS=64",4.3307,4.3853,100,0.639344262295082,78
550,"LD=1, SS=16","LD=4, SS=1",4.3307,5.525,100,0.5503875968992248,71
553,"LD=1, SS=16","LD=4, SS=2",4.3307,5.16,100,0.5384615384615384,70
556,"LD=1, SS=16","LD=4, SS=4",4.3307,4.4068,100,0.3986013986013986,57
559,"LD=1, SS=16","LD=4, SS=8",4.3307,3.1412,100,0.4925373134328358,66
562,"LD=1, SS=16","LD=4, SS=16",4.3307,2.5852,100,0.25,40
565,"LD=1, SS=16","LD=4, SS=32",4.3307,3.7566,100,0.4084507042253521,58
568,"LD=1, SS=16","LD=4, SS=64",4.3307,4.7151,100,0.48148148148148145,65
571,"LD=1, SS=16","LD=8, SS=1",4.3307,5.1164,100,0.5384615384615384,70
574,"LD=1, SS=16","LD=8, SS=2",4.3307,5.2656,100,0.5267175572519084,69
577,"LD=1, SS=16","LD=8, SS=4",4.3307,4.1274,100,0.47058823529411764,64
580,"LD=1, SS=16","LD=8, SS=8",4.3307,2.9843,100,0.2903225806451613,45
583,"LD=1, SS=16","LD=8, SS=16",4.3307,2.8322,100,0.25,40
586,"LD=1, SS=16","LD=8, SS=32",4.3307,3.4086,100,0.3157894736842105,48
589,"LD=1, SS=16","LD=8, SS=64",4.3307,5.0874,100,0.4925373134328358,66
592,"LD=1, SS=16","LD=16, SS=1",4.3307,5.1203,100,0.5267175572519084,69
595,"LD=1, SS=16","LD=16, SS=2",4.3307,5.4975,100,0.5384615384615384,70
598,"LD=1, SS=16","LD=16, SS=4",4.3307,4.3131,100,0.5384615384615384,70
601,"LD=1, SS=16","LD=16, SS=8",4.3307,2.627,100,0.22699386503067484,37
604,"LD=1, SS=16","LD=16, SS=16",4.3307,2.8996,100,0.26582278481012656,42
607,"LD=1, SS=16","LD=16, SS=32",4.3307,3.5236,100,0.3888888888888889,56
610,"LD=1, SS=16","LD=16, SS=64",4.3307,4.838,100,0.43884892086330934,61
613,"LD=1, SS=16","LD=32, SS=1",4.3307,6.0802,100,0.5503875968992248,71
616,"LD=1, SS=16","LD=32, SS=2",4.3307,4.9217,100,0.5384615384615384,70
619,"LD=1, SS=16","LD=32, SS=4",4.3307,2.7115,100,0.25,40
622,"LD=1, SS=16","LD=32, SS=8",4.3307,2.9311,100,0.2987012987012987,46
625,"LD=1, SS=16","LD=32, SS=16",4.3307,3.1822,100,0.3422818791946309,51
628,"LD=1, SS=16","LD=32, SS=32",4.3307,3.3407,100,0.3333333333333333,50
631,"LD=1, SS=16","LD=64, SS=1",4.3307,5.1779,100,0.5384615384615384,70
634,"LD=1, SS=16","LD=64, SS=2",4.3307,2.7685,100,0.2903225806451613,45
637,"LD=1, SS=16","LD=64, SS=4",4.3307,3.0636,100,0.2578616352201258,41
640,"LD=1, SS=16","LD=64, SS=8",4.3307,3.0507,100,0.2987012987012987,46
643,"LD=1, SS=16","LD=64, SS=16",4.3307,3.1088,100,0.3888888888888889,56
646,"LD=1, SS=32","LD=1, SS=64",4.1619,4.3166,100,0.8018018018018018,89
649,"LD=1, SS=32","LD=2, SS=1",4.1619,5.1944,100,0.4925373134328358,66
652,"LD=1, SS=32","LD=2, SS=2",4.1619,4.9573,100,0.4925373134328358,66
655,"LD=1, SS=32","LD=2, SS=4",4.1619,5.2935,100,0.48148148148148145,65
658,"LD=1, SS=32","LD=2, SS=8",4.1619,4.1817,100,0.5873015873015873,74
661,"LD=1, SS=32","LD=2, SS=16",4.1619,3.2505,100,0.3157894736842105,48
664,"LD=1, SS=32","LD=2, SS=32",4.1619,4.0203,100,0.42857142857142855,60
667,"LD=1, SS=32","LD=2, SS=64",4.1619,4.3853,100,0.639344262295082,78
670,"LD=1, SS=32","LD=4, SS=1",4.1619,5.525,100,0.4925373134328358,66
673,"LD=1, SS=32","LD=4, SS=2",4.1619,5.16,100,0.4925373134328358,66
676,"LD=1, SS=32","LD=4, SS=4",4.1619,4.4068,100,0.47058823529411764,64
679,"LD=1, SS=32","LD=4, SS=8",4.1619,3.1412,100,0.43884892086330934,61
682,"LD=1, SS=32","LD=4, SS=16",4.1619,2.5852,100,0.20481927710843373,34
685,"LD=1, SS=32","LD=4, SS=32",4.1619,3.7566,100,0.35135135135135137,52
688,"LD=1, SS=32","LD=4, SS=64",4.1619,4.7151,100,0.5151515151515151,68
691,"LD=1, SS=32","LD=8, SS=1",4.1619,5.1164,100,0.48148148148148145,65
694,"LD=1, SS=32","LD=8, SS=2",4.1619,5.2656,100,0.47058823529411764,64
697,"LD=1, SS=32","LD=8, SS=4",4.1619,4.1274,100,0.42857142857142855,60
700,"LD=1, SS=32","LD=8, SS=8",4.1619,2.9843,100,0.22699386503067484,37
703,"LD=1, SS=32","LD=8, SS=16",4.1619,2.8322,100,0.22699386503067484,37
706,"LD=1, SS=32","LD=8, SS=32",4.1619,3.4086,100,0.27388535031847133,43
709,"LD=1, SS=32","LD=8, SS=64",4.1619,5.0874,100,0.5151515151515151,68
712,"LD=1, SS=32","LD=16, SS=1",4.1619,5.1203,100,0.47058823529411764,64
715,"LD=1, SS=32","LD=16, SS=2",4.1619,5.4975,100,0.5037593984962406,67
718,"LD=1, SS=32","LD=16, SS=4",4.1619,4.3131,100,0.48148148148148145,65
721,"LD=1, SS=32","LD=16, SS=8",4.1619,2.627,100,0.21212121212121213,35
724,"LD=1, SS=32","LD=16, SS=16",4.1619,2.8996,100,0.2422360248447205,39
727,"LD=1, SS=32","LD=16, SS=32",4.1619,3.5236,100,0.35135135135135137,52
730,"LD=1, SS=32","LD=16, SS=64",4.1619,4.838,100,0.48148148148148145,65
733,"LD=1, SS=32","LD=32, SS=1",4.1619,6.0802,100,0.5037593984962406,67
736,"LD=1, SS=32","LD=32, SS=2",4.1619,4.9217,100,0.48148148148148145,65
739,"LD=1, SS=32","LD=32, SS=4",4.1619,2.7115,100,0.20481927710843373,34
742,"LD=1, SS=32","LD=32, SS=8",4.1619,2.9311,100,0.2578616352201258,41
745,"LD=1, SS=32","LD=32, SS=16",4.1619,3.1822,100,0.2987012987012987,46
748,"LD=1, SS=32","LD=32, SS=32",4.1619,3.3407,100,0.3157894736842105,48
751,"LD=1, SS=32","LD=64, SS=1",4.1619,5.1779,100,0.48148148148148145,65
754,"LD=1, SS=32","LD=64, SS=2",4.1619,2.7685,100,0.25,40
757,"LD=1, SS=32","LD=64, SS=4",4.1619,3.0636,100,0.2345679012345679,38
760,"LD=1, SS=32","LD=64, SS=8",4.1619,3.0507,100,0.2903225806451613,45
763,"LD=1, SS=32","LD=64, SS=16",4.1619,3.1088,100,0.3422818791946309,51
766,"LD=1, SS=64","LD=2, SS=1",4.3166,5.1944,100,0.45985401459854014,63
769,"LD=1, SS=64","LD=2, SS=2",4.3166,4.9573,100,0.45985401459854014,63
772,"LD=1, SS=64","LD=2, SS=4",4.3166,5.2935,100,0.4492753623188406,62
775,"LD=1, SS=64","LD=2, SS=8",4.3166,4.1817,100,0.6129032258064516,76
778,"LD=1, SS=64","LD=2, SS=16",4.3166,3.2505,100,0.30718954248366015,47
781,"LD=1, SS=64","LD=2, SS=32",4.3166,4.0203,100,0.41843971631205673,59
784,"LD=1, SS=64","LD=2, SS=64",4.3166,4.3853,100,0.639344262295082,78
787,"LD=1, SS=64","LD=4, SS=1",4.3166,5.525,100,0.45985401459854014,63
790,"LD=1, SS=64","LD=4, SS=2",4.3166,5.16,100,0.45985401459854014,63
793,"LD=1, SS=64","LD=4, SS=4",4.3166,4.4068,100,0.45985401459854014,63
796,"LD=1, SS=64","LD=4, SS=8",4.3166,3.1412,100,0.43884892086330934,61
799,"LD=1, SS=64","LD=4, SS=16",4.3166,2.5852,100,0.20481927710843373,34
802,"LD=1, SS=64","LD=4, SS=32",4.3166,3.7566,100,0.35135135135135137,52
805,"LD=1, SS=64","LD=4, SS=64",4.3166,4.7151,100,0.4492753623188406,62
808,"LD=1, SS=64","LD=8, SS=1",4.3166,5.1164,100,0.45985401459854014,63
811,"LD=1, SS=64","LD=8, SS=2",4.3166,5.2656,100,0.43884892086330934,61
814,"LD=1, SS=64","LD=8, SS=4",4.3166,4.1274,100,0.42857142857142855,60
817,"LD=1, SS=64","LD=8, SS=8",4.3166,2.9843,100,0.21951219512195122,36
820,"LD=1, SS=64","LD=8, SS=16",4.3166,2.8322,100,0.22699386503067484,37
823,"LD=1, SS=64","LD=8, SS=32",4.3166,3.4086,100,0.2903225806451613,45
826,"LD=1, SS=64","LD=8, SS=64",4.3166,5.0874,100,0.43884892086330934,61
829,"LD=1, SS=64","LD=16, SS=1",4.3166,5.1203,100,0.43884892086330934,61
832,"LD=1, SS=64","LD=16, SS=2",4.3166,5.4975,100,0.4925373134328358,66
835,"LD=1, SS=64","LD=16, SS=4",4.3166,4.3131,100,0.4492753623188406,62
838,"LD=1, SS=64","LD=16, SS=8",4.3166,2.627,100,0.20481927710843373,34
841,"LD=1, SS=64","LD=16, SS=16",4.3166,2.8996,100,0.2422360248447205,39
844,"LD=1, SS=64","LD=16, SS=32",4.3166,3.5236,100,0.3333333333333333,50
847,"LD=1, SS=64","LD=16, SS=64",4.3166,4.838,100,0.41843971631205673,59
850,"LD=1, SS=64","LD=32, SS=1",4.3166,6.0802,100,0.47058823529411764,64
853,"LD=1, SS=64","LD=32, SS=2",4.3166,4.9217,100,0.4492753623188406,62
856,"LD=1, SS=64","LD=32, SS=4",4.3166,2.7115,100,0.21212121212121213,35
859,"LD=1, SS=64","LD=32, SS=8",4.3166,2.9311,100,0.26582278481012656,42
862,"LD=1, SS=64","LD=32, SS=16",4.3166,3.1822,100,0.2903225806451613,45
865,"LD=1, SS=64","LD=32, SS=32",4.3166,3.3407,100,0.32450331125827814,49
868,"LD=1, SS=64","LD=64, SS=1",4.3166,5.1779,100,0.4492753623188406,62
871,"LD=1, SS=64","LD=64, SS=2",4.3166,2.7685,100,0.2578616352201258,41
874,"LD=1, SS=64","LD=64, SS=4",4.3166,3.0636,100,0.2422360248447205,39
877,"LD=1, SS=64","LD=64, SS=8",4.3166,3.0507,100,0.30718954248366015,47
880,"LD=1, SS=64","LD=64, SS=16",4.3166,3.1088,100,0.36054421768707484,53
883,"LD=2, SS=1","LD=2, SS=2",5.1944,4.9573,100,0.9801980198019802,99
886,"LD=2, SS=1","LD=2, SS=4",5.1944,5.2935,100,0.9801980198019802,99
889,"LD=2, SS=1","LD=2, SS=8",5.1944,4.1817,100,0.4492753623188406,62
892,"LD=2, SS=1","LD=2, SS=16",5.1944,3.2505,100,0.3157894736842105,48
895,"LD=2, SS=1","LD=2, SS=32",5.1944,4.0203,100,0.36054421768707484,53
898,"LD=2, SS=1","LD=2, SS=64",5.1944,4.3853,100,0.47058823529411764,64
901,"LD=2, SS=1","LD=4, SS=1",5.1944,5.525,100,0.9607843137254902,98
904,"LD=2, SS=1","LD=4, SS=2",5.1944,5.16,100,0.9607843137254902,98
907,"LD=2, SS=1","LD=4, SS=4",5.1944,4.4068,100,0.2987012987012987,46
910,"LD=2, SS=1","LD=4, SS=8",5.1944,3.1412,100,0.3698630136986301,54
913,"LD=2, SS=1","LD=4, SS=16",5.1944,2.5852,100,0.19760479041916168,33
916,"LD=2, SS=1","LD=4, SS=32",5.1944,3.7566,100,0.36054421768707484,53
919,"LD=2, SS=1","LD=4, SS=64",5.1944,4.7151,100,0.43884892086330934,61
922,"LD=2, SS=1","LD=8, SS=1",5.1944,5.1164,100,0.9801980198019802,99
925,"LD=2, SS=1","LD=8, SS=2",5.1944,5.2656,100,0.9230769230769231,96
928,"LD=2, SS=1","LD=8, SS=4",5.1944,4.1274,100,0.42857142857142855,60
931,"LD=2, SS=1","LD=8, SS=8",5.1944,2.9843,100,0.21212121212121213,35
934,"LD=2, SS=1","LD=8, SS=16",5.1944,2.8322,100,0.19760479041916168,33
937,"LD=2, SS=1","LD=8, SS=32",5.1944,3.4086,100,0.26582278481012656,42
940,"LD=2, SS=1","LD=8, SS=64",5.1944,5.0874,100,0.48148148148148145,65
943,"LD=2, SS=1","LD=16, SS=1",5.1944,5.1203,100,0.9230769230769231,96
946,"LD=2, SS=1","LD=16, SS=2",5.1944,5.4975,100,0.7241379310344828,84
949,"LD=2, SS=1","LD=16, SS=4",5.1944,4.3131,100,0.9801980198019802,99
952,"LD=2, SS=1","LD=16, SS=8",5.1944,2.627,100,0.19047619047619047,32
955,"LD=2, SS=1","LD=16, SS=16",5.1944,2.8996,100,0.2345679012345679,38
958,"LD=2, SS=1","LD=16, SS=32",5.1944,3.5236,100,0.35135135135135137,52
961,"LD=2, SS=1","LD=16, SS=64",5.1944,4.838,100,0.41843971631205673,59
964,"LD=2, SS=1","LD=32, SS=1",5.1944,6.0802,100,0.7543859649122807,86
967,"LD=2, SS=1","LD=32, SS=2",5.1944,4.9217,100,0.9801980198019802,99
970,"LD=2, SS=1","LD=32, SS=4",5.1944,2.7115,100,0.22699386503067484,37
973,"LD=2, SS=1","LD=32, SS=8",5.1944,2.9311,100,0.2345679012345679,38
976,"LD=2, SS=1","LD=32, SS=16",5.1944,3.1822,100,0.28205128205128205,44
979,"LD=2, SS=1","LD=32, SS=32",5.1944,3.3407,100,0.2903225806451613,45
982,"LD=2, SS=1","LD=64, SS=1",5.1944,5.1779,100,0.9801980198019802,99
985,"LD=2, SS=1","LD=64, SS=2",5.1944,2.7685,100,0.22699386503067484,37
988,"LD=2, SS=1","LD=64, SS=4",5.1944,3.0636,100,0.20481927710843373,34
991,"LD=2, SS=1","LD=64, SS=8",5.1944,3.0507,100,0.2578616352201258,41
994,"LD=2, SS=1","LD=64, SS=16",5.1944,3.1088,100,0.30718954248366015,47
997,"LD=2, SS=2","LD=2, SS=4",4.9573,5.2935,100,0.9607843137254902,98
1000,"LD=2, SS=2","LD=2, SS=8",4.9573,4.1817,100,0.4492753623188406,62
1003,"LD=2, SS=2","LD=2, SS=16",4.9573,3.2505,100,0.32450331125827814,49
1006,"LD=2, SS=2","LD=2, SS=32",4.9573,4.0203,100,0.3698630136986301,54
1009,"LD=2, SS=2","LD=2, SS=64",4.9573,4.3853,100,0.47058823529411764,64
1012,"LD=2, SS=2","LD=4, SS=1",4.9573,5.525,100,0.941747572815534,97
1015,"LD=2, SS=2","LD=4, SS=2",4.9573,5.16,100,0.941747572815534,97
1018,"LD=2, SS=2","LD=4, SS=4",4.9573,4.4068,100,0.30718954248366015,47
1021,"LD=2, SS=2","LD=4, SS=8",4.9573,3.1412,100,0.3793103448275862,55
1024,"LD=2, SS=2","LD=4, SS=16",4.9573,2.5852,100,0.20481927710843373,34
1027,"LD=2, SS=2","LD=4, SS=32",4.9573,3.7566,100,0.3698630136986301,54
1030,"LD=2, SS=2","LD=4, SS=64",4.9573,4.7151,100,0.4492753623188406,62
1033,"LD=2, SS=2","LD=8, SS=1",4.9573,5.1164,100,0.9607843137254902,98
1036,"LD=2, SS=2","LD=8, SS=2",4.9573,5.2656,100,0.941747572815534,97
1039,"LD=2, SS=2","LD=8, SS=4",4.9573,4.1274,100,0.42857142857142855,60
1042,"LD=2, SS=2","LD=8, SS=8",4.9573,2.9843,100,0.21951219512195122,36
1045,"LD=2, SS=2","LD=8, SS=16",4.9573,2.8322,100,0.20481927710843373,34
1048,"LD=2, SS=2","LD=8, SS=32",4.9573,3.4086,100,0.27388535031847133,43
1051,"LD=2, SS=2","LD=8, SS=64",4.9573,5.0874,100,0.4925373134328358,66
1054,"LD=2, SS=2","LD=16, SS=1",4.9573,5.1203,100,0.9230769230769231,96
1057,"LD=2, SS=2","LD=16, SS=2",4.9573,5.4975,100,0.7391304347826086,85
1060,"LD=2, SS=2","LD=16, SS=4",4.9573,4.3131,100,0.9607843137254902,98
1063,"LD=2, SS=2","LD=16, SS=8",4.9573,2.627,100,0.19760479041916168,33
1066,"LD=2, SS=2","LD=16, SS=16",4.9573,2.8996,100,0.2422360248447205,39
1069,"LD=2, SS=2","LD=16, SS=32",4.9573,3.5236,100,0.36054421768707484,53
1072,"LD=2, SS=2","LD=16, SS=64",4.9573,4.838,100,0.42857142857142855,60
1075,"LD=2, SS=2","LD=32, SS=1",4.9573,6.0802,100,0.7543859649122807,86
1078,"LD=2, SS=2","LD=32, SS=2",4.9573,4.9217,100,0.9607843137254902,98
1081,"LD=2, SS=2","LD=32, SS=4",4.9573,2.7115,100,0.22699386503067484,37
1084,"LD=2, SS=2","LD=32, SS=8",4.9573,2.9311,100,0.2422360248447205,39
1087,"LD=2, SS=2","LD=32, SS=16",4.9573,3.1822,100,0.2903225806451613,45
1090,"LD=2, SS=2","LD=32, SS=32",4.9573,3.3407,100,0.2987012987012987,46
1093,"LD=2, SS=2","LD=64, SS=1",4.9573,5.1779,100,0.9607843137254902,98
1096,"LD=2, SS=2","LD=64, SS=2",4.9573,2.7685,100,0.2345679012345679,38
1099,"LD=2, SS=2","LD=64, SS=4",4.9573,3.0636,100,0.21212121212121213,35
1102,"LD=2, SS=2","LD=64, SS=8",4.9573,3.0507,100,0.26582278481012656,42
1105,"LD=2, SS=2","LD=64, SS=16",4.9573,3.1088,100,0.3157894736842105,48
1108,"LD=2, SS=4","LD=2, SS=8",5.2935,4.1817,100,0.43884892086330934,61
1111,"LD=2, SS=4","LD=2, SS=16",5.2935,3.2505,100,0.3157894736842105,48
1114,"LD=2, SS=4","LD=2, SS=32",5.2935,4.0203,100,0.36054421768707484,53
1117,"LD=2, SS=4","LD=2, SS=64",5.2935,4.3853,100,0.47058823529411764,64
1120,"LD=2, SS=4","LD=4, SS=1",5.2935,5.525,100,0.941747572815534,97
1123,"LD=2, SS=4","LD=4, SS=2",5.2935,5.16,100,0.9607843137254902,98
1126,"LD=2, SS=4","LD=4, SS=4",5.2935,4.4068,100,0.2903225806451613,45
1129,"LD=2, SS=4","LD=4, SS=8",5.2935,3.1412,100,0.36054421768707484,53
1132,"LD=2, SS=4","LD=4, SS=16",5.2935,2.5852,100,0.19760479041916168,33
1135,"LD=2, SS=4","LD=4, SS=32",5.2935,3.7566,100,0.36054421768707484,53
1138,"LD=2, SS=4","LD=4, SS=64",5.2935,4.7151,100,0.43884892086330934,61
1141,"LD=2, SS=4","LD=8, SS=1",5.2935,5.1164,100,0.9801980198019802,99
1144,"LD=2, SS=4","LD=8, SS=2",5.2935,5.2656,100,0.9230769230769231,96
1147,"LD=2, SS=4","LD=8, SS=4",5.2935,4.1274,100,0.42857142857142855,60
1150,"LD=2, SS=4","LD=8, SS=8",5.2935,2.9843,100,0.21212121212121213,35
1153,"LD=2, SS=4","LD=8, SS=16",5.2935,2.8322,100,0.19760479041916168,33
1156,"LD=2, SS=4","LD=8, SS=32",5.2935,3.4086,100,0.2578616352201258,41
1159,"LD=2, SS=4","LD=8, SS=64",5.2935,5.0874,100,0.48148148148148145,65
1162,"LD=2, SS=4","LD=16, SS=1",5.2935,5.1203,100,0.9230769230769231,96
1165,"LD=2, SS=4","LD=16, SS=2",5.2935,5.4975,100,0.7094017094017094,83
1168,"LD=2, SS=4","LD=16, SS=4",5.2935,4.3131,100,1.0,100
1171,"LD=2, SS=4","LD=16, SS=8",5.2935,2.627,100,0.19047619047619047,32
1174,"LD=2, SS=4","LD=16, SS=16",5.2935,2.8996,100,0.2345679012345679,38
1177,"LD=2, SS=4","LD=16, SS=32",5.2935,3.5236,100,0.3422818791946309,51
1180,"LD=2, SS=4","LD=16, SS=64",5.2935,4.838,100,0.41843971631205673,59
1183,"LD=2, SS=4","LD=32, SS=1",5.2935,6.0802,100,0.7543859649122807,86
1186,"LD=2, SS=4","LD=32, SS=2",5.2935,4.9217,100,1.0,100
1189,"LD=2, SS=4","LD=32, SS=4",5.2935,2.7115,100,0.22699386503067484,37
1192,"LD=2, SS=4","LD=32, SS=8",5.2935,2.9311,100,0.2345679012345679,38
1195,"LD=2, SS=4","LD=32, SS=16",5.2935,3.1822,100,0.27388535031847133,43
1198,"LD=2, SS=4","LD=32, SS=32",5.2935,3.3407,100,0.28205128205128205,44
1201,"LD=2, SS=4","LD=64, SS=1",5.2935,5.1779,100,1.0,100
1204,"LD=2, SS=4","LD=64, SS=2",5.2935,2.7685,100,0.22699386503067484,37
1207,"LD=2, SS=4","LD=64, SS=4",5.2935,3.0636,100,0.20481927710843373,34
1210,"LD=2, SS=4","LD=64, SS=8",5.2935,3.0507,100,0.2578616352201258,41
1213,"LD=2, SS=4","LD=64, SS=16",5.2935,3.1088,100,0.30718954248366015,47
1216,"LD=2, SS=8","LD=2, SS=16",4.1817,3.2505,100,0.2987012987012987,46
1219,"LD=2, SS=8","LD=2, SS=32",4.1817,4.0203,100,0.3793103448275862,55
1222,"LD=2, SS=8","LD=2, SS=64",4.1817,4.3853,100,0.5037593984962406,67
1225,"LD=2, SS=8","LD=4, SS=1",4.1817,5.525,100,0.4492753623188406,62
1228,"LD=2, SS=8","LD=4, SS=2",4.1817,5.16,100,0.43884892086330934,61
1231,"LD=2, SS=8","LD=4, SS=4",4.1817,4.4068,100,0.32450331125827814,49
1234,"LD=2, SS=8","LD=4, SS=8",4.1817,3.1412,100,0.3986013986013986,57
1237,"LD=2, SS=8","LD=4, SS=16",4.1817,2.5852,100,0.1834319526627219,31
1240,"LD=2, SS=8","LD=4, SS=32",4.1817,3.7566,100,0.35135135135135137,52
1243,"LD=2, SS=8","LD=4, SS=64",4.1817,4.7151,100,0.3888888888888889,56
1246,"LD=2, SS=8","LD=8, SS=1",4.1817,5.1164,100,0.4492753623188406,62
1249,"LD=2, SS=8","LD=8, SS=2",4.1817,5.2656,100,0.42857142857142855,60
1252,"LD=2, SS=8","LD=8, SS=4",4.1817,4.1274,100,0.3888888888888889,56
1255,"LD=2, SS=8","LD=8, SS=8",4.1817,2.9843,100,0.19760479041916168,33
1258,"LD=2, SS=8","LD=8, SS=16",4.1817,2.8322,100,0.20481927710843373,34
1261,"LD=2, SS=8","LD=8, SS=32",4.1817,3.4086,100,0.2578616352201258,41
1264,"LD=2, SS=8","LD=8, SS=64",4.1817,5.0874,100,0.3888888888888889,56
1267,"LD=2, SS=8","LD=16, SS=1",4.1817,5.1203,100,0.43884892086330934,61
1270,"LD=2, SS=8","LD=16, SS=2",4.1817,5.4975,100,0.48148148148148145,65
1273,"LD=2, SS=8","LD=16, SS=4",4.1817,4.3131,100,0.43884892086330934,61
1276,"LD=2, SS=8","LD=16, SS=8",4.1817,2.627,100,0.19760479041916168,33
1279,"LD=2, SS=8","LD=16, SS=16",4.1817,2.8996,100,0.22699386503067484,37
1282,"LD=2, SS=8","LD=16, SS=32",4.1817,3.5236,100,0.3157894736842105,48
1285,"LD=2, SS=8","LD=16, SS=64",4.1817,4.838,100,0.3793103448275862,55
1288,"LD=2, SS=8","LD=32, SS=1",4.1817,6.0802,100,0.47058823529411764,64
1291,"LD=2, SS=8","LD=32, SS=2",4.1817,4.9217,100,0.43884892086330934,61
1294,"LD=2, SS=8","LD=32, SS=4",4.1817,2.7115,100,0.19047619047619047,32
1297,"LD=2, SS=8","LD=32, SS=8",4.1817,2.9311,100,0.22699386503067484,37
1300,"LD=2, SS=8","LD=32, SS=16",4.1817,3.1822,100,0.25,40
1303,"LD=2, SS=8","LD=32, SS=32",4.1817,3.3407,100,0.2903225806451613,45
1306,"LD=2, SS=8","LD=64, SS=1",4.1817,5.1779,100,0.43884892086330934,61
1309,"LD=2, SS=8","LD=64, SS=2",4.1817,2.7685,100,0.21951219512195122,36
1312,"LD=2, SS=8","LD=64, SS=4",4.1817,3.0636,100,0.19047619047619047,32
1315,"LD=2, SS=8","LD=64, SS=8",4.1817,3.0507,100,0.2578616352201258,41
1318,"LD=2, SS=8","LD=64, SS=16",4.1817,3.1088,100,0.27388535031847133,43
1321,"LD=2, SS=16","LD=2, SS=32",3.2505,4.0203,100,0.48148148148148145,65
1324,"LD=2, SS=16","LD=2, SS=64",3.2505,4.3853,100,0.2987012987012987,46
1327,"LD=2, SS=16","LD=4, SS=1",3.2505,5.525,100,0.3157894736842105,48
1330,"LD=2, SS=16","LD=4, SS=2",3.2505,5.16,100,0.3157894736842105,48
1333,"LD=2, SS=16","LD=4, SS=4",3.2505,4.4068,100,0.25,40
1336,"LD=2, SS=16","LD=4, SS=8",3.2505,3.1412,100,0.30718954248366015,47
1339,"LD=2, SS=16","LD=4, SS=16",3.2505,2.5852,100,0.3698630136986301,54
1342,"LD=2, SS=16","LD=4, SS=32",3.2505,3.7566,100,0.4925373134328358,66
1345,"LD=2, SS=16","LD=4, SS=64",3.2505,4.7151,100,0.45985401459854014,63
1348,"LD=2, SS=16","LD=8, SS=1",3.2505,5.1164,100,0.3157894736842105,48
1351,"LD=2, SS=16","LD=8, SS=2",3.2505,5.2656,100,0.2987012987012987,46
1354,"LD=2, SS=16","LD=8, SS=4",3.2505,4.1274,100,0.25,40
1357,"LD=2, SS=16","LD=8, SS=8",3.2505,2.9843,100,0.3698630136986301,54
1360,"LD=2, SS=16","LD=8, SS=16",3.2505,2.8322,100,0.3793103448275862,55
1363,"LD=2, SS=16","LD=8, SS=32",3.2505,3.4086,100,0.45985401459854014,63
1366,"LD=2, SS=16","LD=8, SS=64",3.2505,5.0874,100,0.41843971631205673,59
1369,"LD=2, SS=16","LD=16, SS=1",3.2505,5.1203,100,0.3157894736842105,48
1372,"LD=2, SS=16","LD=16, SS=2",3.2505,5.4975,100,0.2987012987012987,46
1375,"LD=2, SS=16","LD=16, SS=4",3.2505,4.3131,100,0.3157894736842105,48
1378,"LD=2, SS=16","LD=16, SS=8",3.2505,2.627,100,0.32450331125827814,49
1381,"LD=2, SS=16","LD=16, SS=16",3.2505,2.8996,100,0.3333333333333333,50
1384,"LD=2, SS=16","LD=16, SS=32",3.2505,3.5236,100,0.45985401459854014,63
1387,"LD=2, SS=16","LD=16, SS=64",3.2505,4.838,100,0.43884892086330934,61
1390,"LD=2, SS=16","LD=32, SS=1",3.2505,6.0802,100,0.27388535031847133,43
1393,"LD=2, SS=16","LD=32, SS=2",3.2505,4.9217,100,0.3157894736842105,48
1396,"LD=2, SS=16","LD=32, SS=4",3.2505,2.7115,100,0.28205128205128205,44
1399,"LD=2, SS=16","LD=32, SS=8",3.2505,2.9311,100,0.3793103448275862,55
1402,"LD=2, SS=16","LD=32, SS=16",3.2505,3.1822,100,0.4084507042253521,58
1405,"LD=2, SS=16","LD=32, SS=32",3.2505,3.3407,100,0.42857142857142855,60
1408,"LD=2, SS=16","LD=64, SS=1",3.2505,5.1779,100,0.3157894736842105,48
1411,"LD=2, SS=16","LD=64, SS=2",3.2505,2.7685,100,0.32450331125827814,49
1414,"LD=2, SS=16","LD=64, SS=4",3.2505,3.0636,100,0.3422818791946309,51
1417,"LD=2, SS=16","LD=64, SS=8",3.2505,3.0507,100,0.35135135135135137,52
1420,"LD=2, SS=16","LD=64, SS=16",3.2505,3.1088,100,0.3698630136986301,54
1423,"LD=2, SS=32","LD=2, SS=64",4.0203,4.3853,100,0.42857142857142855,60
1426,"LD=2, SS=32","LD=4, SS=1",4.0203,5.525,100,0.36054421768707484,53
1429,"LD=2, SS=32","LD=4, SS=2",4.0203,5.16,100,0.36054421768707484,53
1432,"LD=2, SS=32","LD=4, SS=4",4.0203,4.4068,100,0.3333333333333333,50
1435,"LD=2, SS=32","LD=4, SS=8",4.0203,3.1412,100,0.41843971631205673,59
1438,"LD=2, SS=32","LD=4, SS=16",4.0203,2.5852,100,0.2422360248447205,39
1441,"LD=2, SS=32","LD=4, SS=32",4.0203,3.7566,100,0.4084507042253521,58
1444,"LD=2, SS=32","LD=4, SS=64",4.0203,4.7151,100,0.5267175572519084,69
1447,"LD=2, SS=32","LD=8, SS=1",4.0203,5.1164,100,0.36054421768707484,53
1450,"LD=2, SS=32","LD=8, SS=2",4.0203,5.2656,100,0.35135135135135137,52
1453,"LD=2, SS=32","LD=8, SS=4",4.0203,4.1274,100,0.3422818791946309,51
1456,"LD=2, SS=32","LD=8, SS=8",4.0203,2.9843,100,0.28205128205128205,44
1459,"LD=2, SS=32","LD=8, SS=16",4.0203,2.8322,100,0.2987012987012987,46
1462,"LD=2, SS=32","LD=8, SS=32",4.0203,3.4086,100,0.3793103448275862,55
1465,"LD=2, SS=32","LD=8, SS=64",4.0203,5.0874,100,0.4492753623188406,62
1468,"LD=2, SS=32","LD=16, SS=1",4.0203,5.1203,100,0.35135135135135137,52
1471,"LD=2, SS=32","LD=16, SS=2",4.0203,5.4975,100,0.35135135135135137,52
1474,"LD=2, SS=32","LD=16, SS=4",4.0203,4.3131,100,0.36054421768707484,53
1477,"LD=2, SS=32","LD=16, SS=8",4.0203,2.627,100,0.25,40
1480,"LD=2, SS=32","LD=16, SS=16",4.0203,2.8996,100,0.26582278481012656,42
1483,"LD=2, SS=32","LD=16, SS=32",4.0203,3.5236,100,0.3986013986013986,57
1486,"LD=2, SS=32","LD=16, SS=64",4.0203,4.838,100,0.5625,72
1489,"LD=2, SS=32","LD=32, SS=1",4.0203,6.0802,100,0.3157894736842105,48
1492,"LD=2, SS=32","LD=32, SS=2",4.0203,4.9217,100,0.36054421768707484,53
1495,"LD=2, SS=32","LD=32, SS=4",4.0203,2.7115,100,0.2578616352201258,41
1498,"LD=2, SS=32","LD=32, SS=8",4.0203,2.9311,100,0.28205128205128205,44
1501,"LD=2, SS=32","LD=32, SS=16",4.0203,3.1822,100,0.3333333333333333,50
1504,"LD=2, SS=32","LD=32, SS=32",4.0203,3.3407,100,0.3698630136986301,54
1507,"LD=2, SS=32","LD=64, SS=1",4.0203,5.1779,100,0.36054421768707484,53
1510,"LD=2, SS=32","LD=64, SS=2",4.0203,2.7685,100,0.28205128205128205,44
1513,"LD=2, SS=32","LD=64, SS=4",4.0203,3.0636,100,0.26582278481012656,42
1516,"LD=2, SS=32","LD=64, SS=8",4.0203,3.0507,100,0.3157894736842105,48
1519,"LD=2, SS=32","LD=64, SS=16",4.0203,3.1088,100,0.36054421768707484,53
1522,"LD=2, SS=64","LD=4, SS=1",4.3853,5.525,100,0.47058823529411764,64
1525,"LD=2, SS=64","LD=4, SS=2",4.3853,5.16,100,0.47058823529411764,64
1528,"LD=2, SS=64","LD=4, SS=4",4.3853,4.4068,100,0.41843971631205673,59
1531,"LD=2, SS=64","LD=4, SS=8",4.3853,3.1412,100,0.41843971631205673,59
1534,"LD=2, SS=64","LD=4, SS=16",4.3853,2.5852,100,0.22699386503067484,37
1537,"LD=2, SS=64","LD=4, SS=32",4.3853,3.7566,100,0.3422818791946309,51
1540,"LD=2, SS=64","LD=4, SS=64",4.3853,4.7151,100,0.48148148148148145,65
1543,"LD=2, SS=64","LD=8, SS=1",4.3853,5.1164,100,0.47058823529411764,64
1546,"LD=2, SS=64","LD=8, SS=2",4.3853,5.2656,100,0.45985401459854014,63
1549,"LD=2, SS=64","LD=8, SS=4",4.3853,4.1274,100,0.3986013986013986,57
1552,"LD=2, SS=64","LD=8, SS=8",4.3853,2.9843,100,0.22699386503067484,37
1555,"LD=2, SS=64","LD=8, SS=16",4.3853,2.8322,100,0.2345679012345679,38
1558,"LD=2, SS=64","LD=8, SS=32",4.3853,3.4086,100,0.27388535031847133,43
1561,"LD=2, SS=64","LD=8, SS=64",4.3853,5.0874,100,0.5037593984962406,67
1564,"LD=2, SS=64","LD=16, SS=1",4.3853,5.1203,100,0.45985401459854014,63
1567,"LD=2, SS=64","LD=16, SS=2",4.3853,5.4975,100,0.4492753623188406,62
1570,"LD=2, SS=64","LD=16, SS=4",4.3853,4.3131,100,0.47058823529411764,64
1573,"LD=2, SS=64","LD=16, SS=8",4.3853,2.627,100,0.19760479041916168,33
1576,"LD=2, SS=64","LD=16, SS=16",4.3853,2.8996,100,0.2345679012345679,38
1579,"LD=2, SS=64","LD=16, SS=32",4.3853,3.5236,100,0.3422818791946309,51
1582,"LD=2, SS=64","LD=16, SS=64",4.3853,4.838,100,0.43884892086330934,61
1585,"LD=2, SS=64","LD=32, SS=1",4.3853,6.0802,100,0.43884892086330934,61
1588,"LD=2, SS=64","LD=32, SS=2",4.3853,4.9217,100,0.47058823529411764,64
1591,"LD=2, SS=64","LD=32, SS=4",4.3853,2.7115,100,0.25,40
1594,"LD=2, SS=64","LD=32, SS=8",4.3853,2.9311,100,0.2345679012345679,38
1597,"LD=2, SS=64","LD=32, SS=16",4.3853,3.1822,100,0.27388535031847133,43
1600,"LD=2, SS=64","LD=32, SS=32",4.3853,3.3407,100,0.2987012987012987,46
1603,"LD=2, SS=64","LD=64, SS=1",4.3853,5.1779,100,0.47058823529411764,64
1606,"LD=2, SS=64","LD=64, SS=2",4.3853,2.7685,100,0.25,40
1609,"LD=2, SS=64","LD=64, SS=4",4.3853,3.0636,100,0.21212121212121213,35
1612,"LD=2, SS=64","LD=64, SS=8",4.3853,3.0507,100,0.26582278481012656,42
1615,"LD=2, SS=64","LD=64, SS=16",4.3853,3.1088,100,0.3333333333333333,50
1618,"LD=4, SS=1","LD=4, SS=2",5.525,5.16,100,0.941747572815534,97
1621,"LD=4, SS=1","LD=4, SS=4",5.525,4.4068,100,0.2903225806451613,45
1624,"LD=4, SS=1","LD=4, SS=8",5.525,3.1412,100,0.3698630136986301,54
1627,"LD=4, SS=1","LD=4, SS=16",5.525,2.5852,100,0.19760479041916168,33
1630,"LD=4, SS=1","LD=4, SS=32",5.525,3.7566,100,0.36054421768707484,53
1633,"LD=4, SS=1","LD=4, SS=64",5.525,4.7151,100,0.43884892086330934,61
1636,"LD=4, SS=1","LD=8, SS=1",5.525,5.1164,100,0.941747572815534,97
1639,"LD=4, SS=1","LD=8, SS=2",5.525,5.2656,100,0.8867924528301887,94
1642,"LD=4, SS=1","LD=8, SS=4",5.525,4.1274,100,0.41843971631205673,59
1645,"LD=4, SS=1","LD=8, SS=8",5.525,2.9843,100,0.21212121212121213,35
1648,"LD=4, SS=1","LD=8, SS=16",5.525,2.8322,100,0.19760479041916168,33
1651,"LD=4, SS=1","LD=8, SS=32",5.525,3.4086,100,0.26582278481012656,42
1654,"LD=4, SS=1","LD=8, SS=64",5.525,5.0874,100,0.48148148148148145,65
1657,"LD=4, SS=1","LD=16, SS=1",5.525,5.1203,100,0.8867924528301887,94
1660,"LD=4, SS=1","LD=16, SS=2",5.525,5.4975,100,0.6949152542372882,82
1663,"LD=4, SS=1","LD=16, SS=4",5.525,4.3131,100,0.941747572815534,97
1666,"LD=4, SS=1","LD=16, SS=8",5.525,2.627,100,0.19047619047619047,32
1669,"LD=4, SS=1","LD=16, SS=16",5.525,2.8996,100,0.2345679012345679,38
1672,"LD=4, SS=1","LD=16, SS=32",5.525,3.5236,100,0.35135135135135137,52
1675,"LD=4, SS=1","LD=16, SS=64",5.525,4.838,100,0.41843971631205673,59
1678,"LD=4, SS=1","LD=32, SS=1",5.525,6.0802,100,0.7543859649122807,86
1681,"LD=4, SS=1","LD=32, SS=2",5.525,4.9217,100,0.941747572815534,97
1684,"LD=4, SS=1","LD=32, SS=4",5.525,2.7115,100,0.22699386503067484,37
1687,"LD=4, SS=1","LD=32, SS=8",5.525,2.9311,100,0.2345679012345679,38
1690,"LD=4, SS=1","LD=32, SS=16",5.525,3.1822,100,0.28205128205128205,44
1693,"LD=4, SS=1","LD=32, SS=32",5.525,3.3407,100,0.2903225806451613,45
1696,"LD=4, SS=1","LD=64, SS=1",5.525,5.1779,100,0.941747572815534,97
1699,"LD=4, SS=1","LD=64, SS=2",5.525,2.7685,100,0.22699386503067484,37
1702,"LD=4, SS=1","LD=64, SS=4",5.525,3.0636,100,0.20481927710843373,34
1705,"LD=4, SS=1","LD=64, SS=8",5.525,3.0507,100,0.2578616352201258,41
1708,"LD=4, SS=1","LD=64, SS=16",5.525,3.1088,100,0.30718954248366015,47
1711,"LD=4, SS=2","LD=4, SS=4",5.16,4.4068,100,0.2987012987012987,46
1714,"LD=4, SS=2","LD=4, SS=8",5.16,3.1412,100,0.36054421768707484,53
1717,"LD=4, SS=2","LD=4, SS=16",5.16,2.5852,100,0.19760479041916168,33
1720,"LD=4, SS=2","LD=4, SS=32",5.16,3.7566,100,0.35135135135135137,52
1723,"LD=4, SS=2","LD=4, SS=64",5.16,4.7151,100,0.43884892086330934,61
1726,"LD=4, SS=2","LD=8, SS=1",5.16,5.1164,100,0.941747572815534,97
1729,"LD=4, SS=2","LD=8, SS=2",5.16,5.2656,100,0.9047619047619048,95
1732,"LD=4, SS=2","LD=8, SS=4",5.16,4.1274,100,0.41843971631205673,59
1735,"LD=4, SS=2","LD=8, SS=8",5.16,2.9843,100,0.21212121212121213,35
1738,"LD=4, SS=2","LD=8, SS=16",5.16,2.8322,100,0.19760479041916168,33
1741,"LD=4, SS=2","LD=8, SS=32",5.16,3.4086,100,0.26582278481012656,42
1744,"LD=4, SS=2","LD=8, SS=64",5.16,5.0874,100,0.48148148148148145,65
1747,"LD=4, SS=2","LD=16, SS=1",5.16,5.1203,100,0.9047619047619048,95
1750,"LD=4, SS=2","LD=16, SS=2",5.16,5.4975,100,0.6949152542372882,82
1753,"LD=4, SS=2","LD=16, SS=4",5.16,4.3131,100,0.9607843137254902,98
1756,"LD=4, SS=2","LD=16, SS=8",5.16,2.627,100,0.19047619047619047,32
1759,"LD=4, SS=2","LD=16, SS=16",5.16,2.8996,100,0.2345679012345679,38
1762,"LD=4, SS=2","LD=16, SS=32",5.16,3.5236,100,0.35135135135135137,52
1765,"LD=4, SS=2","LD=16, SS=64",5.16,4.838,100,0.41843971631205673,59
1768,"LD=4, SS=2","LD=32, SS=1",5.16,6.0802,100,0.7543859649122807,86
1771,"LD=4, SS=2","LD=32, SS=2",5.16,4.9217,100,0.9607843137254902,98
1774,"LD=4, SS=2","LD=32, SS=4",5.16,2.7115,100,0.22699386503067484,37
1777,"LD=4, SS=2","LD=32, SS=8",5.16,2.9311,100,0.2345679012345679,38
1780,"LD=4, SS=2","LD=32, SS=16",5.16,3.1822,100,0.28205128205128205,44
1783,"LD=4, SS=2","LD=32, SS=32",5.16,3.3407,100,0.2903225806451613,45
1786,"LD=4, SS=2","LD=64, SS=1",5.16,5.1779,100,0.9607843137254902,98
1789,"LD=4, SS=2","LD=64, SS=2",5.16,2.7685,100,0.22699386503067484,37
1792,"LD=4, SS=2","LD=64, SS=4",5.16,3.0636,100,0.20481927710843373,34
1795,"LD=4, SS=2","LD=64, SS=8",5.16,3.0507,100,0.2578616352201258,41
1798,"LD=4, SS=2","LD=64, SS=16",5.16,3.1088,100,0.30718954248366015,47
1801,"LD=4, SS=4","LD=4, SS=8",4.4068,3.1412,100,0.36054421768707484,53
1804,"LD=4, SS=4","LD=4, SS=16",4.4068,2.5852,100,0.20481927710843373,34
1807,"LD=4, SS=4","LD=4, SS=32",4.4068,3.7566,100,0.2987012987012987,46
1810,"LD=4, SS=4","LD=4, SS=64",4.4068,4.7151,100,0.3888888888888889,56
1813,"LD=4, SS=4","LD=8, SS=1",4.4068,5.1164,100,0.2903225806451613,45
1816,"LD=4, SS=4","LD=8, SS=2",4.4068,5.2656,100,0.2987012987012987,46
1819,"LD=4, SS=4","LD=8, SS=4",4.4068,4.1274,100,0.3422818791946309,51
1822,"LD=4, SS=4","LD=8, SS=8",4.4068,2.9843,100,0.21212121212121213,35
1825,"LD=4, SS=4","LD=8, SS=16",4.4068,2.8322,100,0.2345679012345679,38
1828,"LD=4, SS=4","LD=8, SS=32",4.4068,3.4086,100,0.25,40
1831,"LD=4, SS=4","LD=8, SS=64",4.4068,5.0874,100,0.3888888888888889,56
1834,"LD=4, SS=4","LD=16, SS=1",4.4068,5.1203,100,0.2903225806451613,45
1837,"LD=4, SS=4","LD=16, SS=2",4.4068,5.4975,100,0.3157894736842105,48
1840,"LD=4, SS=4","LD=16, SS=4",4.4068,4.3131,100,0.2903225806451613,45
1843,"LD=4, SS=4","LD=16, SS=8",4.4068,2.627,100,0.19047619047619047,32
1846,"LD=4, SS=4","LD=16, SS=16",4.4068,2.8996,100,0.20481927710843373,34
1849,"LD=4, SS=4","LD=16, SS=32",4.4068,3.5236,100,0.27388535031847133,43
1852,"LD=4, SS=4","LD=16, SS=64",4.4068,4.838,100,0.4084507042253521,58
1855,"LD=4, SS=4","LD=32, SS=1",4.4068,6.0802,100,0.26582278481012656,42
1858,"LD=4, SS=4","LD=32, SS=2",4.4068,4.9217,100,0.2903225806451613,45
1861,"LD=4, SS=4","LD=32, SS=4",4.4068,2.7115,100,0.19760479041916168,33
1864,"LD=4, SS=4","LD=32, SS=8",4.4068,2.9311,100,0.21212121212121213,35
1867,"LD=4, SS=4","LD=32, SS=16",4.4068,3.1822,100,0.2422360248447205,39
1870,"LD=4, SS=4","LD=32, SS=32",4.4068,3.3407,100,0.27388535031847133,43
1873,"LD=4, SS=4","LD=64, SS=1",4.4068,5.1779,100,0.2903225806451613,45
1876,"LD=4, SS=4","LD=64, SS=2",4.4068,2.7685,100,0.20481927710843373,34
1879,"LD=4, SS=4","LD=64, SS=4",4.4068,3.0636,100,0.20481927710843373,34
1882,"LD=4, SS=4","LD=64, SS=8",4.4068,3.0507,100,0.26582278481012656,42
1885,"LD=4, SS=4","LD=64, SS=16",4.4068,3.1088,100,0.3157894736842105,48
1888,"LD=4, SS=8","LD=4, SS=16",3.1412,2.5852,100,0.22699386503067484,37
1891,"LD=4, SS=8","LD=4, SS=32",3.1412,3.7566,100,0.3888888888888889,56
1894,"LD=4, SS=8","LD=4, SS=64",3.1412,4.7151,100,0.4084507042253521,58
1897,"LD=4, SS=8","LD=8, SS=1",3.1412,5.1164,100,0.36054421768707484,53
1900,"LD=4, SS=8","LD=8, SS=2",3.1412,5.2656,100,0.3698630136986301,54
1903,"LD=4, SS=8","LD=8, SS=4",3.1412,4.1274,100,0.3333333333333333,50
1906,"LD=4, SS=8","LD=8, SS=8",3.1412,2.9843,100,0.28205128205128205,44
1909,"LD=4, SS=8","LD=8, SS=16",3.1412,2.8322,100,0.2578616352201258,41
1912,"LD=4, SS=8","LD=8, SS=32",3.1412,3.4086,100,0.2903225806451613,45
1915,"LD=4, SS=8","LD=8, SS=64",3.1412,5.0874,100,0.3793103448275862,55
1918,"LD=4, SS=8","LD=16, SS=1",3.1412,5.1203,100,0.3698630136986301,54
1921,"LD=4, SS=8","LD=16, SS=2",3.1412,5.4975,100,0.3888888888888889,56
1924,"LD=4, SS=8","LD=16, SS=4",3.1412,4.3131,100,0.36054421768707484,53
1927,"LD=4, SS=8","LD=16, SS=8",3.1412,2.627,100,0.21951219512195122,36
1930,"LD=4, SS=8","LD=16, SS=16",3.1412,2.8996,100,0.25,40
1933,"LD=4, SS=8","LD=16, SS=32",3.1412,3.5236,100,0.36054421768707484,53
1936,"LD=4, SS=8","LD=16, SS=64",3.1412,4.838,100,0.3986013986013986,57
1939,"LD=4, SS=8","LD=32, SS=1",3.1412,6.0802,100,0.36054421768707484,53
1942,"LD=4, SS=8","LD=32, SS=2",3.1412,4.9217,100,0.36054421768707484,53
1945,"LD=4, SS=8","LD=32, SS=4",3.1412,2.7115,100,0.21951219512195122,36
1948,"LD=4, SS=8","LD=32, SS=8",3.1412,2.9311,100,0.26582278481012656,42
1951,"LD=4, SS=8","LD=32, SS=16",3.1412,3.1822,100,0.30718954248366015,47
1954,"LD=4, SS=8","LD=32, SS=32",3.1412,3.3407,100,0.30718954248366015,47
1957,"LD=4, SS=8","LD=64, SS=1",3.1412,5.1779,100,0.36054421768707484,53
1960,"LD=4, SS=8","LD=64, SS=2",3.1412,2.7685,100,0.2422360248447205,39
1963,"LD=4, SS=8","LD=64, SS=4",3.1412,3.0636,100,0.22699386503067484,37
1966,"LD=4, SS=8","LD=64, SS=8",3.1412,3.0507,100,0.28205128205128205,44
1969,"LD=4, SS=8","LD=64, SS=16",3.1412,3.1088,100,0.3157894736842105,48
1972,"LD=4, SS=16","LD=4, SS=32",2.5852,3.7566,100,0.43884892086330934,61
1975,"LD=4, SS=16","LD=4, SS=64",2.5852,4.7151,100,0.32450331125827814,49
1978,"LD=4, SS=16","LD=8, SS=1",2.5852,5.1164,100,0.19760479041916168,33
1981,"LD=4, SS=16","LD=8, SS=2",2.5852,5.2656,100,0.20481927710843373,34
1984,"LD=4, SS=16","LD=8, SS=4",2.5852,4.1274,100,0.1695906432748538,29
1987,"LD=4, SS=16","LD=8, SS=8",2.5852,2.9843,100,0.3333333333333333,50
1990,"LD=4, SS=16","LD=8, SS=16",2.5852,2.8322,100,0.3793103448275862,55
1993,"LD=4, SS=16","LD=8, SS=32",2.5852,3.4086,100,0.3422818791946309,51
1996,"LD=4, SS=16","LD=8, SS=64",2.5852,5.0874,100,0.2903225806451613,45
1999,"LD=4, SS=16","LD=16, SS=1",2.5852,5.1203,100,0.19760479041916168,33
2002,"LD=4, SS=16","LD=16, SS=2",2.5852,5.4975,100,0.19047619047619047,32
2005,"LD=4, SS=16","LD=16, SS=4",2.5852,4.3131,100,0.19760479041916168,33
2008,"LD=4, SS=16","LD=16, SS=8",2.5852,2.627,100,0.42857142857142855,60
2011,"LD=4, SS=16","LD=16, SS=16",2.5852,2.8996,100,0.3333333333333333,50
2014,"LD=4, SS=16","LD=16, SS=32",2.5852,3.5236,100,0.3986013986013986,57
2017,"LD=4, SS=16","LD=16, SS=64",2.5852,4.838,100,0.27388535031847133,43
2020,"LD=4, SS=16","LD=32, SS=1",2.5852,6.0802,100,0.1695906432748538,29
2023,"LD=4, SS=16","LD=32, SS=2",2.5852,4.9217,100,0.19760479041916168,33
2026,"LD=4, SS=16","LD=32, SS=4",2.5852,2.7115,100,0.26582278481012656,42
2029,"LD=4, SS=16","LD=32, SS=8",2.5852,2.9311,100,0.3888888888888889,56
2032,"LD=4, SS=16","LD=32, SS=16",2.5852,3.1822,100,0.3422818791946309,51
2035,"LD=4, SS=16","LD=32, SS=32",2.5852,3.3407,100,0.30718954248366015,47
2038,"LD=4, SS=16","LD=64, SS=1",2.5852,5.1779,100,0.19760479041916168,33
2041,"LD=4, SS=16","LD=64, SS=2",2.5852,2.7685,100,0.3157894736842105,48
2044,"LD=4, SS=16","LD=64, SS=4",2.5852,3.0636,100,0.30718954248366015,47
2047,"LD=4, SS=16","LD=64, SS=8",2.5852,3.0507,100,0.28205128205128205,44
2050,"LD=4, SS=16","LD=64, SS=16",2.5852,3.1088,100,0.3422818791946309,51
2053,"LD=4, SS=32","LD=4, SS=64",3.7566,4.7151,100,0.5384615384615384,70
2056,"LD=4, SS=32","LD=8, SS=1",3.7566,5.1164,100,0.36054421768707484,53
2059,"LD=4, SS=32","LD=8, SS=2",3.7566,5.2656,100,0.35135135135135137,52
2062,"LD=4, SS=32","LD=8, SS=4",3.7566,4.1274,100,0.3333333333333333,50
2065,"LD=4, SS=32","LD=8, SS=8",3.7566,2.9843,100,0.3986013986013986,57
2068,"LD=4, SS=32","LD=8, SS=16",3.7566,2.8322,100,0.48148148148148145,65
2071,"LD=4, SS=32","LD=8, SS=32",3.7566,3.4086,100,0.5151515151515151,68
2074,"LD=4, SS=32","LD=8, SS=64",3.7566,5.0874,100,0.48148148148148145,65
2077,"LD=4, SS=32","LD=16, SS=1",3.7566,5.1203,100,0.3698630136986301,54
2080,"LD=4, SS=32","LD=16, SS=2",3.7566,5.4975,100,0.36054421768707484,53
2083,"LD=4, SS=32","LD=16, SS=4",3.7566,4.3131,100,0.36054421768707484,53
2086,"LD=4, SS=32","LD=16, SS=8",3.7566,2.627,100,0.3793103448275862,55
2089,"LD=4, SS=32","LD=16, SS=16",3.7566,2.8996,100,0.3793103448275862,55
2092,"LD=4, SS=32","LD=16, SS=32",3.7566,3.5236,100,0.5625,72
2095,"LD=4, SS=32","LD=16, SS=64",3.7566,4.838,100,0.48148148148148145,65
2098,"LD=4, SS=32","LD=32, SS=1",3.7566,6.0802,100,0.32450331125827814,49
2101,"LD=4, SS=32","LD=32, SS=2",3.7566,4.9217,100,0.36054421768707484,53
2104,"LD=4, SS=32","LD=32, SS=4",3.7566,2.7115,100,0.27388535031847133,43
2107,"LD=4, SS=32","LD=32, SS=8",3.7566,2.9311,100,0.48148148148148145,65
2110,"LD=4, SS=32","LD=32, SS=16",3.7566,3.1822,100,0.41843971631205673,59
2113,"LD=4, SS=32","LD=32, SS=32",3.7566,3.3407,100,0.41843971631205673,59
2116,"LD=4, SS=32","LD=64, SS=1",3.7566,5.1779,100,0.36054421768707484,53
2119,"LD=4, SS=32","LD=64, SS=2",3.7566,2.7685,100,0.36054421768707484,53
2122,"LD=4, SS=32","LD=64, SS=4",3.7566,3.0636,100,0.3793103448275862,55
2125,"LD=4, SS=32","LD=64, SS=8",3.7566,3.0507,100,0.3986013986013986,57
2128,"LD=4, SS=32","LD=64, SS=16",3.7566,3.1088,100,0.41843971631205673,59
2131,"LD=4, SS=64","LD=8, SS=1",4.7151,5.1164,100,0.43884892086330934,61
2134,"LD=4, SS=64","LD=8, SS=2",4.7151,5.2656,100,0.42857142857142855,60
2137,"LD=4, SS=64","LD=8, SS=4",4.7151,4.1274,100,0.35135135135135137,52
2140,"LD=4, SS=64","LD=8, SS=8",4.7151,2.9843,100,0.3422818791946309,51
2143,"LD=4, SS=64","LD=8, SS=16",4.7151,2.8322,100,0.32450331125827814,49
2146,"LD=4, SS=64","LD=8, SS=32",4.7151,3.4086,100,0.3986013986013986,57
2149,"LD=4, SS=64","LD=8, SS=64",4.7151,5.0874,100,0.6260162601626016,77
2152,"LD=4, SS=64","LD=16, SS=1",4.7151,5.1203,100,0.42857142857142855,60
2155,"LD=4, SS=64","LD=16, SS=2",4.7151,5.4975,100,0.41843971631205673,59
2158,"LD=4, SS=64","LD=16, SS=4",4.7151,4.3131,100,0.43884892086330934,61
2161,"LD=4, SS=64","LD=16, SS=8",4.7151,2.627,100,0.2903225806451613,45
2164,"LD=4, SS=64","LD=16, SS=16",4.7151,2.8996,100,0.3333333333333333,50
2167,"LD=4, SS=64","LD=16, SS=32",4.7151,3.5236,100,0.41843971631205673,59
2170,"LD=4, SS=64","LD=16, SS=64",4.7151,4.838,100,0.6129032258064516,76
2173,"LD=4, SS=64","LD=32, SS=1",4.7151,6.0802,100,0.3888888888888889,56
2176,"LD=4, SS=64","LD=32, SS=2",4.7151,4.9217,100,0.43884892086330934,61
2179,"LD=4, SS=64","LD=32, SS=4",4.7151,2.7115,100,0.27388535031847133,43
2182,"LD=4, SS=64","LD=32, SS=8",4.7151,2.9311,100,0.3422818791946309,51
2185,"LD=4, SS=64","LD=32, SS=16",4.7151,3.1822,100,0.35135135135135137,52
2188,"LD=4, SS=64","LD=32, SS=32",4.7151,3.3407,100,0.3698630136986301,54
2191,"LD=4, SS=64","LD=64, SS=1",4.7151,5.1779,100,0.43884892086330934,61
2194,"LD=4, SS=64","LD=64, SS=2",4.7151,2.7685,100,0.3157894736842105,48
2197,"LD=4, SS=64","LD=64, SS=4",4.7151,3.0636,100,0.30718954248366015,47
2200,"LD=4, SS=64","LD=64, SS=8",4.7151,3.0507,100,0.35135135135135137,52
2203,"LD=4, SS=64","LD=64, SS=16",4.7151,3.1088,100,0.4084507042253521,58
2206,"LD=8, SS=1","LD=8, SS=2",5.1164,5.2656,100,0.9047619047619048,95
2209,"LD=8, SS=1","LD=8, SS=4",5.1164,4.1274,100,0.41843971631205673,59
2212,"LD=8, SS=1","LD=8, SS=8",5.1164,2.9843,100,0.21212121212121213,35
2215,"LD=8, SS=1","LD=8, SS=16",5.1164,2.8322,100,0.19760479041916168,33
2218,"LD=8, SS=1","LD=8, SS=32",5.1164,3.4086,100,0.2578616352201258,41
2221,"LD=8, SS=1","LD=8, SS=64",5.1164,5.0874,100,0.4925373134328358,66
2224,"LD=8, SS=1","LD=16, SS=1",5.1164,5.1203,100,0.9047619047619048,95
2227,"LD=8, SS=1","LD=16, SS=2",5.1164,5.4975,100,0.7094017094017094,83
2230,"LD=8, SS=1","LD=16, SS=4",5.1164,4.3131,100,0.9801980198019802,99
2233,"LD=8, SS=1","LD=16, SS=8",5.1164,2.627,100,0.19047619047619047,32
2236,"LD=8, SS=1","LD=16, SS=16",5.1164,2.8996,100,0.2345679012345679,38
2239,"LD=8, SS=1","LD=16, SS=32",5.1164,3.5236,100,0.3422818791946309,51
2242,"LD=8, SS=1","LD=16, SS=64",5.1164,4.838,100,0.41843971631205673,59
2245,"LD=8, SS=1","LD=32, SS=1",5.1164,6.0802,100,0.7391304347826086,85
2248,"LD=8, SS=1","LD=32, SS=2",5.1164,4.9217,100,0.9801980198019802,99
2251,"LD=8, SS=1","LD=32, SS=4",5.1164,2.7115,100,0.22699386503067484,37
2254,"LD=8, SS=1","LD=32, SS=8",5.1164,2.9311,100,0.2345679012345679,38
2257,"LD=8, SS=1","LD=32, SS=16",5.1164,3.1822,100,0.27388535031847133,43
2260,"LD=8, SS=1","LD=32, SS=32",5.1164,3.3407,100,0.28205128205128205,44
2263,"LD=8, SS=1","LD=64, SS=1",5.1164,5.1779,100,0.9801980198019802,99
2266,"LD=8, SS=1","LD=64, SS=2",5.1164,2.7685,100,0.22699386503067484,37
2269,"LD=8, SS=1","LD=64, SS=4",5.1164,3.0636,100,0.20481927710843373,34
2272,"LD=8, SS=1","LD=64, SS=8",5.1164,3.0507,100,0.2578616352201258,41
2275,"LD=8, SS=1","LD=64, SS=16",5.1164,3.1088,100,0.30718954248366015,47
2278,"LD=8, SS=2","LD=8, SS=4",5.2656,4.1274,100,0.41843971631205673,59
2281,"LD=8, SS=2","LD=8, SS=8",5.2656,2.9843,100,0.21951219512195122,36
2284,"LD=8, SS=2","LD=8, SS=16",5.2656,2.8322,100,0.20481927710843373,34
2287,"LD=8, SS=2","LD=8, SS=32",5.2656,3.4086,100,0.27388535031847133,43
2290,"LD=8, SS=2","LD=8, SS=64",5.2656,5.0874,100,0.47058823529411764,64
2293,"LD=8, SS=2","LD=16, SS=1",5.2656,5.1203,100,0.9047619047619048,95
2296,"LD=8, SS=2","LD=16, SS=2",5.2656,5.4975,100,0.7094017094017094,83
2299,"LD=8, SS=2","LD=16, SS=4",5.2656,4.3131,100,0.9230769230769231,96
2302,"LD=8, SS=2","LD=16, SS=8",5.2656,2.627,100,0.19047619047619047,32
2305,"LD=8, SS=2","LD=16, SS=16",5.2656,2.8996,100,0.2345679012345679,38
2308,"LD=8, SS=2","LD=16, SS=32",5.2656,3.5236,100,0.3422818791946309,51
2311,"LD=8, SS=2","LD=16, SS=64",5.2656,4.838,100,0.3986013986013986,57
2314,"LD=8, SS=2","LD=32, SS=1",5.2656,6.0802,100,0.7391304347826086,85
2317,"LD=8, SS=2","LD=32, SS=2",5.2656,4.9217,100,0.9230769230769231,96
2320,"LD=8, SS=2","LD=32, SS=4",5.2656,2.7115,100,0.22699386503067484,37
2323,"LD=8, SS=2","LD=32, SS=8",5.2656,2.9311,100,0.2422360248447205,39
2326,"LD=8, SS=2","LD=32, SS=16",5.2656,3.1822,100,0.28205128205128205,44
2329,"LD=8, SS=2","LD=32, SS=32",5.2656,3.3407,100,0.2987012987012987,46
2332,"LD=8, SS=2","LD=64, SS=1",5.2656,5.1779,100,0.9230769230769231,96
2335,"LD=8, SS=2","LD=64, SS=2",5.2656,2.7685,100,0.22699386503067484,37
2338,"LD=8, SS=2","LD=64, SS=4",5.2656,3.0636,100,0.20481927710843373,34
2341,"LD=8, SS=2","LD=64, SS=8",5.2656,3.0507,100,0.26582278481012656,42
2344,"LD=8, SS=2","LD=64, SS=16",5.2656,3.1088,100,0.3157894736842105,48
2347,"LD=8, SS=4","LD=8, SS=8",4.1274,2.9843,100,0.21951219512195122,36
2350,"LD=8, SS=4","LD=8, SS=16",4.1274,2.8322,100,0.20481927710843373,34
2353,"LD=8, SS=4","LD=8, SS=32",4.1274,3.4086,100,0.26582278481012656,42
2356,"LD=8, SS=4","LD=8, SS=64",4.1274,5.0874,100,0.30718954248366015,47
2359,"LD=8, SS=4","LD=16, SS=1",4.1274,5.1203,100,0.41843971631205673,59
2362,"LD=8, SS=4","LD=16, SS=2",4.1274,5.4975,100,0.45985401459854014,63
2365,"LD=8, SS=4","LD=16, SS=4",4.1274,4.3131,100,0.42857142857142855,60
2368,"LD=8, SS=4","LD=16, SS=8",4.1274,2.627,100,0.17647058823529413,30
2371,"LD=8, SS=4","LD=16, SS=16",4.1274,2.8996,100,0.19760479041916168,33
2374,"LD=8, SS=4","LD=16, SS=32",4.1274,3.5236,100,0.2987012987012987,46
2377,"LD=8, SS=4","LD=16, SS=64",4.1274,4.838,100,0.35135135135135137,52
2380,"LD=8, SS=4","LD=32, SS=1",4.1274,6.0802,100,0.3698630136986301,54
2383,"LD=8, SS=4","LD=32, SS=2",4.1274,4.9217,100,0.42857142857142855,60
2386,"LD=8, SS=4","LD=32, SS=4",4.1274,2.7115,100,0.16279069767441862,28
2389,"LD=8, SS=4","LD=32, SS=8",4.1274,2.9311,100,0.19760479041916168,33
2392,"LD=8, SS=4","LD=32, SS=16",4.1274,3.1822,100,0.2578616352201258,41
2395,"LD=8, SS=4","LD=32, SS=32",4.1274,3.3407,100,0.26582278481012656,42
2398,"LD=8, SS=4","LD=64, SS=1",4.1274,5.1779,100,0.42857142857142855,60
2401,"LD=8, SS=4","LD=64, SS=2",4.1274,2.7685,100,0.1834319526627219,31
2404,"LD=8, SS=4","LD=64, SS=4",4.1274,3.0636,100,0.1834319526627219,31
2407,"LD=8, SS=4","LD=64, SS=8",4.1274,3.0507,100,0.2422360248447205,39
2410,"LD=8, SS=4","LD=64, SS=16",4.1274,3.1088,100,0.2578616352201258,41
2413,"LD=8, SS=8","LD=8, SS=16",2.9843,2.8322,100,0.35135135135135137,52
2416,"LD=8, SS=8","LD=8, SS=32",2.9843,3.4086,100,0.3333333333333333,50
2419,"LD=8, SS=8","LD=8, SS=64",2.9843,5.0874,100,0.27388535031847133,43
2422,"LD=8, SS=8","LD=16, SS=1",2.9843,5.1203,100,0.21212121212121213,35
2425,"LD=8, SS=8","LD=16, SS=2",2.9843,5.4975,100,0.22699386503067484,37
2428,"LD=8, SS=8","LD=16, SS=4",2.9843,4.3131,100,0.21212121212121213,35
2431,"LD=8, SS=8","LD=16, SS=8",2.9843,2.627,100,0.3333333333333333,50
2434,"LD=8, SS=8","LD=16, SS=16",2.9843,2.8996,100,0.32450331125827814,49
2437,"LD=8, SS=8","LD=16, SS=32",2.9843,3.5236,100,0.36054421768707484,53
2440,"LD=8, SS=8","LD=16, SS=64",2.9843,4.838,100,0.2578616352201258,41
2443,"LD=8, SS=8","LD=32, SS=1",2.9843,6.0802,100,0.19760479041916168,33
2446,"LD=8, SS=8","LD=32, SS=2",2.9843,4.9217,100,0.21212121212121213,35
2449,"LD=8, SS=8","LD=32, SS=4",2.9843,2.7115,100,0.21212121212121213,35
2452,"LD=8, SS=8","LD=32, SS=8",2.9843,2.9311,100,0.32450331125827814,49
2455,"LD=8, SS=8","LD=32, SS=16",2.9843,3.1822,100,0.28205128205128205,44
2458,"LD=8, SS=8","LD=32, SS=32",2.9843,3.3407,100,0.2987012987012987,46
2461,"LD=8, SS=8","LD=64, SS=1",2.9843,5.1779,100,0.21212121212121213,35
2464,"LD=8, SS=8","LD=64, SS=2",2.9843,2.7685,100,0.2903225806451613,45
2467,"LD=8, SS=8","LD=64, SS=4",2.9843,3.0636,100,0.2987012987012987,46
2470,"LD=8, SS=8","LD=64, SS=8",2.9843,3.0507,100,0.32450331125827814,49
2473,"LD=8, SS=8","LD=64, SS=16",2.9843,3.1088,100,0.3333333333333333,50
2476,"LD=8, SS=16","LD=8, SS=32",2.8322,3.4086,100,0.48148148148148145,65
2479,"LD=8, SS=16","LD=8, SS=64",2.8322,5.0874,100,0.30718954248366015,47
2482,"LD=8, SS=16","LD=16, SS=1",2.8322,5.1203,100,0.20481927710843373,34
2485,"LD=8, SS=16","LD=16, SS=2",2.8322,5.4975,100,0.19760479041916168,33
2488,"LD=8, SS=16","LD=16, SS=4",2.8322,4.3131,100,0.19760479041916168,33
2491,"LD=8, SS=16","LD=16, SS=8",2.8322,2.627,100,0.3422818791946309,51
2494,"LD=8, SS=16","LD=16, SS=16",2.8322,2.8996,100,0.42857142857142855,60
2497,"LD=8, SS=16","LD=16, SS=32",2.8322,3.5236,100,0.43884892086330934,61
2500,"LD=8, SS=16","LD=16, SS=64",2.8322,4.838,100,0.2903225806451613,45
2503,"LD=8, SS=16","LD=32, SS=1",2.8322,6.0802,100,0.1695906432748538,29
2506,"LD=8, SS=16","LD=32, SS=2",2.8322,4.9217,100,0.19760479041916168,33
2509,"LD=8, SS=16","LD=32, SS=4",2.8322,2.7115,100,0.27388535031847133,43
2512,"LD=8, SS=16","LD=32, SS=8",2.8322,2.9311,100,0.42857142857142855,60
2515,"LD=8, SS=16","LD=32, SS=16",2.8322,3.1822,100,0.41843971631205673,59
2518,"LD=8, SS=16","LD=32, SS=32",2.8322,3.3407,100,0.3888888888888889,56
2521,"LD=8, SS=16","LD=64, SS=1",2.8322,5.1779,100,0.19760479041916168,33
2524,"LD=8, SS=16","LD=64, SS=2",2.8322,2.7685,100,0.3157894736842105,48
2527,"LD=8, SS=16","LD=64, SS=4",2.8322,3.0636,100,0.3333333333333333,50
2530,"LD=8, SS=16","LD=64, SS=8",2.8322,3.0507,100,0.3698630136986301,54
2533,"LD=8, SS=16","LD=64, SS=16",2.8322,3.1088,100,0.36054421768707484,53
2536,"LD=8, SS=32","LD=8, SS=64",3.4086,5.0874,100,0.3986013986013986,57
2539,"LD=8, SS=32","LD=16, SS=1",3.4086,5.1203,100,0.27388535031847133,43
2542,"LD=8, SS=32","LD=16, SS=2",3.4086,5.4975,100,0.26582278481012656,42
2545,"LD=8, SS=32","LD=16, SS=4",3.4086,4.3131,100,0.2578616352201258,41
2548,"LD=8, SS=32","LD=16, SS=8",3.4086,2.627,100,0.3422818791946309,51
2551,"LD=8, SS=32","LD=16, SS=16",3.4086,2.8996,100,0.45985401459854014,63
2554,"LD=8, SS=32","LD=16, SS=32",3.4086,3.5236,100,0.5267175572519084,69
2557,"LD=8, SS=32","LD=16, SS=64",3.4086,4.838,100,0.41843971631205673,59
2560,"LD=8, SS=32","LD=32, SS=1",3.4086,6.0802,100,0.22699386503067484,37
2563,"LD=8, SS=32","LD=32, SS=2",3.4086,4.9217,100,0.2578616352201258,41
2566,"LD=8, SS=32","LD=32, SS=4",3.4086,2.7115,100,0.26582278481012656,42
2569,"LD=8, SS=32","LD=32, SS=8",3.4086,2.9311,100,0.4492753623188406,62
2572,"LD=8, SS=32","LD=32, SS=16",3.4086,3.1822,100,0.47058823529411764,64
2575,"LD=8, SS=32","LD=32, SS=32",3.4086,3.3407,100,0.4925373134328358,66
2578,"LD=8, SS=32","LD=64, SS=1",3.4086,5.1779,100,0.2578616352201258,41
2581,"LD=8, SS=32","LD=64, SS=2",3.4086,2.7685,100,0.3422818791946309,51
2584,"LD=8, SS=32","LD=64, SS=4",3.4086,3.0636,100,0.3698630136986301,54
2587,"LD=8, SS=32","LD=64, SS=8",3.4086,3.0507,100,0.4084507042253521,58
2590,"LD=8, SS=32","LD=64, SS=16",3.4086,3.1088,100,0.4084507042253521,58
2593,"LD=8, SS=64","LD=16, SS=1",5.0874,5.1203,100,0.47058823529411764,64
2596,"LD=8, SS=64","LD=16, SS=2",5.0874,5.4975,100,0.4492753623188406,62
2599,"LD=8, SS=64","LD=16, SS=4",5.0874,4.3131,100,0.48148148148148145,65
2602,"LD=8, SS=64","LD=16, SS=8",5.0874,2.627,100,0.2422360248447205,39
2605,"LD=8, SS=64","LD=16, SS=16",5.0874,2.8996,100,0.32450331125827814,49
2608,"LD=8, SS=64","LD=16, SS=32",5.0874,3.5236,100,0.4925373134328358,66
2611,"LD=8, SS=64","LD=16, SS=64",5.0874,4.838,100,0.6666666666666666,80
2614,"LD=8, SS=64","LD=32, SS=1",5.0874,6.0802,100,0.43884892086330934,61
2617,"LD=8, SS=64","LD=32, SS=2",5.0874,4.9217,100,0.48148148148148145,65
2620,"LD=8, SS=64","LD=32, SS=4",5.0874,2.7115,100,0.26582278481012656,42
2623,"LD=8, SS=64","LD=32, SS=8",5.0874,2.9311,100,0.30718954248366015,47
2626,"LD=8, SS=64","LD=32, SS=16",5.0874,3.1822,100,0.3986013986013986,57
2629,"LD=8, SS=64","LD=32, SS=32",5.0874,3.3407,100,0.3698630136986301,54
2632,"LD=8, SS=64","LD=64, SS=1",5.0874,5.1779,100,0.48148148148148145,65
2635,"LD=8, SS=64","LD=64, SS=2",5.0874,2.7685,100,0.30718954248366015,47
2638,"LD=8, SS=64","LD=64, SS=4",5.0874,3.0636,100,0.28205128205128205,44
2641,"LD=8, SS=64","LD=64, SS=8",5.0874,3.0507,100,0.3333333333333333,50
2644,"LD=8, SS=64","LD=64, SS=16",5.0874,3.1088,100,0.3698630136986301,54
2647,"LD=16, SS=1","LD=16, SS=2",5.1203,5.4975,100,0.7094017094017094,83
2650,"LD=16, SS=1","LD=16, SS=4",5.1203,4.3131,100,0.9230769230769231,96
2653,"LD=16, SS=1","LD=16, SS=8",5.1203,2.627,100,0.19760479041916168,33
2656,"LD=16, SS=1","LD=16, SS=16",5.1203,2.8996,100,0.22699386503067484,37
2659,"LD=16, SS=1","LD=16, SS=32",5.1203,3.5236,100,0.35135135135135137,52
2662,"LD=16, SS=1","LD=16, SS=64",5.1203,4.838,100,0.4084507042253521,58
2665,"LD=16, SS=1","LD=32, SS=1",5.1203,6.0802,100,0.7543859649122807,86
2668,"LD=16, SS=1","LD=32, SS=2",5.1203,4.9217,100,0.9230769230769231,96
2671,"LD=16, SS=1","LD=32, SS=4",5.1203,2.7115,100,0.2345679012345679,38
2674,"LD=16, SS=1","LD=32, SS=8",5.1203,2.9311,100,0.2422360248447205,39
2677,"LD=16, SS=1","LD=32, SS=16",5.1203,3.1822,100,0.28205128205128205,44
2680,"LD=16, SS=1","LD=32, SS=32",5.1203,3.3407,100,0.2903225806451613,45
2683,"LD=16, SS=1","LD=64, SS=1",5.1203,5.1779,100,0.9230769230769231,96
2686,"LD=16, SS=1","LD=64, SS=2",5.1203,2.7685,100,0.22699386503067484,37
2689,"LD=16, SS=1","LD=64, SS=4",5.1203,3.0636,100,0.21212121212121213,35
2692,"LD=16, SS=1","LD=64, SS=8",5.1203,3.0507,100,0.2578616352201258,41
2695,"LD=16, SS=1","LD=64, SS=16",5.1203,3.1088,100,0.2903225806451613,45
2698,"LD=16, SS=2","LD=16, SS=4",5.4975,4.3131,100,0.7094017094017094,83
2701,"LD=16, SS=2","LD=16, SS=8",5.4975,2.627,100,0.20481927710843373,34
2704,"LD=16, SS=2","LD=16, SS=16",5.4975,2.8996,100,0.25,40
2707,"LD=16, SS=2","LD=16, SS=32",5.4975,3.5236,100,0.3333333333333333,50
2710,"LD=16, SS=2","LD=16, SS=64",5.4975,4.838,100,0.4084507042253521,58
2713,"LD=16, SS=2","LD=32, SS=1",5.4975,6.0802,100,0.6949152542372882,82
2716,"LD=16, SS=2","LD=32, SS=2",5.4975,4.9217,100,0.7094017094017094,83
2719,"LD=16, SS=2","LD=32, SS=4",5.4975,2.7115,100,0.21212121212121213,35
2722,"LD=16, SS=2","LD=32, SS=8",5.4975,2.9311,100,0.22699386503067484,37
2725,"LD=16, SS=2","LD=32, SS=16",5.4975,3.1822,100,0.2903225806451613,45
2728,"LD=16, SS=2","LD=32, SS=32",5.4975,3.3407,100,0.2987012987012987,46
2731,"LD=16, SS=2","LD=64, SS=1",5.4975,5.1779,100,0.7094017094017094,83
2734,"LD=16, SS=2","LD=64, SS=2",5.4975,2.7685,100,0.21951219512195122,36
2737,"LD=16, SS=2","LD=64, SS=4",5.4975,3.0636,100,0.21951219512195122,36
2740,"LD=16, SS=2","LD=64, SS=8",5.4975,3.0507,100,0.27388535031847133,43
2743,"LD=16, SS=2","LD=64, SS=16",5.4975,3.1088,100,0.2903225806451613,45
2746,"LD=16, SS=4","LD=16, SS=8",4.3131,2.627,100,0.19047619047619047,32
2749,"LD=16, SS=4","LD=16, SS=16",4.3131,2.8996,100,0.2345679012345679,38
2752,"LD=16, SS=4","LD=16, SS=32",4.3131,3.5236,100,0.3422818791946309,51
2755,"LD=16, SS=4","LD=16, SS=64",4.3131,4.838,100,0.41843971631205673,59
2758,"LD=16, SS=4","LD=32, SS=1",4.3131,6.0802,100,0.7543859649122807,86
2761,"LD=16, SS=4","LD=32, SS=2",4.3131,4.9217,100,1.0,100
2764,"LD=16, SS=4","LD=32, SS=4",4.3131,2.7115,100,0.22699386503067484,37
2767,"LD=16, SS=4","LD=32, SS=8",4.3131,2.9311,100,0.2345679012345679,38
2770,"LD=16, SS=4","LD=32, SS=16",4.3131,3.1822,100,0.27388535031847133,43
2773,"LD=16, SS=4","LD=32, SS=32",4.3131,3.3407,100,0.28205128205128205,44
2776,"LD=16, SS=4","LD=64, SS=1",4.3131,5.1779,100,1.0,100
2779,"LD=16, SS=4","LD=64, SS=2",4.3131,2.7685,100,0.22699386503067484,37
2782,"LD=16, SS=4","LD=64, SS=4",4.3131,3.0636,100,0.20481927710843373,34
2785,"LD=16, SS=4","LD=64, SS=8",4.3131,3.0507,100,0.2578616352201258,41
2788,"LD=16, SS=4","LD=64, SS=16",4.3131,3.1088,100,0.30718954248366015,47
2791,"LD=16, SS=8","LD=16, SS=16",2.627,2.8996,100,0.32450331125827814,49
2794,"LD=16, SS=8","LD=16, SS=32",2.627,3.5236,100,0.35135135135135137,52
2797,"LD=16, SS=8","LD=16, SS=64",2.627,4.838,100,0.2422360248447205,39
2800,"LD=16, SS=8","LD=32, SS=1",2.627,6.0802,100,0.1834319526627219,31
2803,"LD=16, SS=8","LD=32, SS=2",2.627,4.9217,100,0.19047619047619047,32
2806,"LD=16, SS=8","LD=32, SS=4",2.627,2.7115,100,0.21212121212121213,35
2809,"LD=16, SS=8","LD=32, SS=8",2.627,2.9311,100,0.35135135135135137,52
2812,"LD=16, SS=8","LD=32, SS=16",2.627,3.1822,100,0.2987012987012987,46
2815,"LD=16, SS=8","LD=32, SS=32",2.627,3.3407,100,0.25,40
2818,"LD=16, SS=8","LD=64, SS=1",2.627,5.1779,100,0.19047619047619047,32
2821,"LD=16, SS=8","LD=64, SS=2",2.627,2.7685,100,0.2987012987012987,46
2824,"LD=16, SS=8","LD=64, SS=4",2.627,3.0636,100,0.30718954248366015,47
2827,"LD=16, SS=8","LD=64, SS=8",2.627,3.0507,100,0.28205128205128205,44
2830,"LD=16, SS=8","LD=64, SS=16",2.627,3.1088,100,0.27388535031847133,43
2833,"LD=16, SS=16","LD=16, SS=32",2.8996,3.5236,100,0.4084507042253521,58
2836,"LD=16, SS=16","LD=16, SS=64",2.8996,4.838,100,0.2903225806451613,45
2839,"LD=16, SS=16","LD=32, SS=1",2.8996,6.0802,100,0.19760479041916168,33
2842,"LD=16, SS=16","LD=32, SS=2",2.8996,4.9217,100,0.2345679012345679,38
2845,"LD=16, SS=16","LD=32, SS=4",2.8996,2.7115,100,0.21951219512195122,36
2848,"LD=16, SS=16","LD=32, SS=8",2.8996,2.9311,100,0.43884892086330934,61
2851,"LD=16, SS=16","LD=32, SS=16",2.8996,3.1822,100,0.41843971631205673,59
2854,"LD=16, SS=16","LD=32, SS=32",2.8996,3.3407,100,0.36054421768707484,53
2857,"LD=16, SS=16","LD=64, SS=1",2.8996,5.1779,100,0.2345679012345679,38
2860,"LD=16, SS=16","LD=64, SS=2",2.8996,2.7685,100,0.3793103448275862,55
2863,"LD=16, SS=16","LD=64, SS=4",2.8996,3.0636,100,0.3793103448275862,55
2866,"LD=16, SS=16","LD=64, SS=8",2.8996,3.0507,100,0.3422818791946309,51
2869,"LD=16, SS=16","LD=64, SS=16",2.8996,3.1088,100,0.36054421768707484,53
2872,"LD=16, SS=32","LD=16, SS=64",3.5236,4.838,100,0.4925373134328358,66
2875,"LD=16, SS=32","LD=32, SS=1",3.5236,6.0802,100,0.30718954248366015,47
2878,"LD=16, SS=32","LD=32, SS=2",3.5236,4.9217,100,0.3422818791946309,51
2881,"LD=16, SS=32","LD=32, SS=4",3.5236,2.7115,100,0.2422360248447205,39
2884,"LD=16, SS=32","LD=32, SS=8",3.5236,2.9311,100,0.41843971631205673,59
2887,"LD=16, SS=32","LD=32, SS=16",3.5236,3.1822,100,0.45985401459854014,63
2890,"LD=16, SS=32","LD=32, SS=32",3.5236,3.3407,100,0.47058823529411764,64
2893,"LD=16, SS=32","LD=64, SS=1",3.5236,5.1779,100,0.3422818791946309,51
2896,"LD=16, SS=32","LD=64, SS=2",3.5236,2.7685,100,0.35135135135135137,52
2899,"LD=16, SS=32","LD=64, SS=4",3.5236,3.0636,100,0.3422818791946309,51
2902,"LD=16, SS=32","LD=64, SS=8",3.5236,3.0507,100,0.3888888888888889,56
2905,"LD=16, SS=32","LD=64, SS=16",3.5236,3.1088,100,0.3986013986013986,57
2908,"LD=16, SS=64","LD=32, SS=1",4.838,6.0802,100,0.36054421768707484,53
2911,"LD=16, SS=64","LD=32, SS=2",4.838,4.9217,100,0.41843971631205673,59
2914,"LD=16, SS=64","LD=32, SS=4",4.838,2.7115,100,0.2422360248447205,39
2917,"LD=16, SS=64","LD=32, SS=8",4.838,2.9311,100,0.2903225806451613,45
2920,"LD=16, SS=64","LD=32, SS=16",4.838,3.1822,100,0.3698630136986301,54
2923,"LD=16, SS=64","LD=32, SS=32",4.838,3.3407,100,0.3888888888888889,56
2926,"LD=16, SS=64","LD=64, SS=1",4.838,5.1779,100,0.41843971631205673,59
2929,"LD=16, SS=64","LD=64, SS=2",4.838,2.7685,100,0.3157894736842105,48
2932,"LD=16, SS=64","LD=64, SS=4",4.838,3.0636,100,0.28205128205128205,44
2935,"LD=16, SS=64","LD=64, SS=8",4.838,3.0507,100,0.3422818791946309,51
2938,"LD=16, SS=64","LD=64, SS=16",4.838,3.1088,100,0.3888888888888889,56
2941,"LD=32, SS=1","LD=32, SS=2",6.0802,4.9217,100,0.7543859649122807,86
2944,"LD=32, SS=1","LD=32, SS=4",6.0802,2.7115,100,0.21951219512195122,36
2947,"LD=32, SS=1","LD=32, SS=8",6.0802,2.9311,100,0.2345679012345679,38
2950,"LD=32, SS=1","LD=32, SS=16",6.0802,3.1822,100,0.25,40
2953,"LD=32, SS=1","LD=32, SS=32",6.0802,3.3407,100,0.2578616352201258,41
2956,"LD=32, SS=1","LD=64, SS=1",6.0802,5.1779,100,0.7543859649122807,86
2959,"LD=32, SS=1","LD=64, SS=2",6.0802,2.7685,100,0.2345679012345679,38
2962,"LD=32, SS=1","LD=64, SS=4",6.0802,3.0636,100,0.1834319526627219,31
2965,"LD=32, SS=1","LD=64, SS=8",6.0802,3.0507,100,0.22699386503067484,37
2968,"LD=32, SS=1","LD=64, SS=16",6.0802,3.1088,100,0.26582278481012656,42
2971,"LD=32, SS=2","LD=32, SS=4",4.9217,2.7115,100,0.22699386503067484,37
2974,"LD=32, SS=2","LD=32, SS=8",4.9217,2.9311,100,0.2345679012345679,38
2977,"LD=32, SS=2","LD=32, SS=16",4.9217,3.1822,100,0.27388535031847133,43
2980,"LD=32, SS=2","LD=32, SS=32",4.9217,3.3407,100,0.28205128205128205,44
2983,"LD=32, SS=2","LD=64, SS=1",4.9217,5.1779,100,1.0,100
2986,"LD=32, SS=2","LD=64, SS=2",4.9217,2.7685,100,0.22699386503067484,37
2989,"LD=32, SS=2","LD=64, SS=4",4.9217,3.0636,100,0.20481927710843373,34
2992,"LD=32, SS=2","LD=64, SS=8",4.9217,3.0507,100,0.2578616352201258,41
2995,"LD=32, SS=2","LD=64, SS=16",4.9217,3.1088,100,0.30718954248366015,47
2998,"LD=32, SS=4","LD=32, SS=8",2.7115,2.9311,100,0.27388535031847133,43
3001,"LD=32, SS=4","LD=32, SS=16",2.7115,3.1822,100,0.28205128205128205,44
3004,"LD=32, SS=4","LD=32, SS=32",2.7115,3.3407,100,0.21951219512195122,36
3007,"LD=32, SS=4","LD=64, SS=1",2.7115,5.1779,100,0.22699386503067484,37
3010,"LD=32, SS=4","LD=64, SS=2",2.7115,2.7685,100,0.22699386503067484,37
3013,"LD=32, SS=4","LD=64, SS=4",2.7115,3.0636,100,0.2422360248447205,39
3016,"LD=32, SS=4","LD=64, SS=8",2.7115,3.0507,100,0.2422360248447205,39
3019,"LD=32, SS=4","LD=64, SS=16",2.7115,3.1088,100,0.27388535031847133,43
3022,"LD=32, SS=8","LD=32, SS=16",2.9311,3.1822,100,0.42857142857142855,60
3025,"LD=32, SS=8","LD=32, SS=32",2.9311,3.3407,100,0.3422818791946309,51
3028,"LD=32, SS=8","LD=64, SS=1",2.9311,5.1779,100,0.2345679012345679,38
3031,"LD=32, SS=8","LD=64, SS=2",2.9311,2.7685,100,0.41843971631205673,59
3034,"LD=32, SS=8","LD=64, SS=4",2.9311,3.0636,100,0.3888888888888889,56
3037,"LD=32, SS=8","LD=64, SS=8",2.9311,3.0507,100,0.3986013986013986,57
3040,"LD=32, SS=8","LD=64, SS=16",2.9311,3.1088,100,0.3986013986013986,57
3043,"LD=32, SS=16","LD=32, SS=32",3.1822,3.3407,100,0.4925373134328358,66
3046,"LD=32, SS=16","LD=64, SS=1",3.1822,5.1779,100,0.27388535031847133,43
3049,"LD=32, SS=16","LD=64, SS=2",3.1822,2.7685,100,0.4084507042253521,58
3052,"LD=32, SS=16","LD=64, SS=4",3.1822,3.0636,100,0.45985401459854014,63
3055,"LD=32, SS=16","LD=64, SS=8",3.1822,3.0507,100,0.45985401459854014,63
3058,"LD=32, SS=16","LD=64, SS=16",3.1822,3.1088,100,0.4492753623188406,62
3061,"LD=32, SS=32","LD=64, SS=1",3.3407,5.1779,100,0.28205128205128205,44
3064,"LD=32, SS=32","LD=64, SS=2",3.3407,2.7685,100,0.36054421768707484,53
3067,"LD=32, SS=32","LD=64, SS=4",3.3407,3.0636,100,0.4084507042253521,58
3070,"LD=32, SS=32","LD=64, SS=8",3.3407,3.0507,100,0.47058823529411764,64
3073,"LD=32, SS=32","LD=64, SS=16",3.3407,3.1088,100,0.5151515151515151,68
3076,"LD=64, SS=1","LD=64, SS=2",5.1779,2.7685,100,0.22699386503067484,37
3079,"LD=64, SS=1","LD=64, SS=4",5.1779,3.0636,100,0.20481927710843373,34
3082,"LD=64, SS=1","LD=64, SS=8",5.1779,3.0507,100,0.2578616352201258,41
3085,"LD=64, SS=1","LD=64, SS=16",5.1779,3.1088,100,0.30718954248366015,47
3088,"LD=64, SS=2","LD=64, SS=4",2.7685,3.0636,100,0.48148148148148145,65
3091,"LD=64, SS=2","LD=64, SS=8",2.7685,3.0507,100,0.4084507042253521,58
3094,"LD=64, SS=2","LD=64, SS=16",2.7685,3.1088,100,0.3888888888888889,56
3097,"LD=64, SS=4","LD=64, SS=8",3.0636,3.0507,100,0.4925373134328358,66
3100,"LD=64, SS=4","LD=64, SS=16",3.0636,3.1088,100,0.41843971631205673,59
3103,"LD=64, SS=8","LD=64, SS=16",3.0507,3.1088,100,0.5873015873015873,74
