latent_dim,step_size,val_loss_0,val_loss_1,val_loss_2,val_loss_3,val_loss_4,val_loss_mean,val_loss_std,test_error_0,test_error_1,test_error_2,test_error_3,test_error_4,test_error_mean,test_error_std,anomaly_threshold_0,anomaly_threshold_1,anomaly_threshold_2,anomaly_threshold_3,anomaly_threshold_4,anomaly_threshold_mean,anomaly_threshold_std,maha_dist_ratio_95_0,maha_dist_ratio_95_1,maha_dist_ratio_95_2,maha_dist_ratio_95_3,maha_dist_ratio_95_4,maha_dist_ratio_95_mean,maha_dist_ratio_95_std,anomaly percent_0,anomaly percent_1,anomaly percent_2,anomaly percent_3,anomaly percent_4,anomaly percent_mean,anomaly percent_std
1,1,0.4007,0.3957,0.3952,0.4323,0.4421,0.4132,0.0223,0.3835,0.4297,0.3967,0.3807,0.4168,0.4015,0.0213,2.0079,1.7248,2.0071,1.7346,1.7132,1.8375,0.1554,5.3276,5.534,5.3057,4.5099,5.2409,5.1836,0.3923,1.1335,1.7099,1.4217,1.7291,1.6907,1.537,0.2581
1,2,0.3939,0.3921,0.3907,0.4365,0.4418,0.411,0.0258,0.3837,0.4504,0.3935,0.3797,0.4163,0.4047,0.0292,1.9983,1.7293,2.0022,1.7116,1.7121,1.8307,0.1549,4.9327,5.5385,5.2445,4.4985,5.2409,5.091,0.3944,1.2488,1.6523,1.4409,1.7099,1.6907,1.5485,0.199
1,4,0.368,0.3962,0.391,0.3497,0.4341,0.3878,0.0319,0.3577,0.4558,0.3859,0.3168,0.3924,0.3817,0.051,1.9513,1.7355,1.9395,1.2378,1.2462,1.622,0.3574,5.6576,5.534,5.1021,3.7898,4.1632,4.8493,0.8336,1.0375,1.7099,1.5562,2.8818,3.2085,2.0788,0.9239
1,8,0.405,0.4023,0.3999,0.4394,0.4462,0.4186,0.0223,0.3864,0.4575,0.4001,0.3835,0.4202,0.4096,0.0305,2.0113,1.7216,1.9985,1.738,1.6778,1.8294,0.1617,5.2964,5.534,5.2541,4.5547,5.2368,5.1752,0.3669,1.1527,1.7099,1.4601,1.7291,1.7099,1.5524,0.2495
1,16,0.2036,0.2084,0.348,0.225,0.2546,0.2479,0.0594,0.2019,0.2459,0.3285,0.1994,0.22,0.2391,0.0533,1.2305,0.7097,1.9107,0.7034,0.7797,1.0668,0.5199,5.1324,3.9437,5.765,3.4905,3.3218,4.3307,1.0693,0.903,3.439,0.7301,3.2277,3.3622,2.3324,1.3872
1,32,0.2284,0.2182,0.2331,0.2418,0.2617,0.2366,0.0164,0.2253,0.2596,0.2275,0.2123,0.2282,0.2306,0.0175,1.3058,0.7643,1.3025,0.8013,0.7948,0.9937,0.2837,4.8018,3.7364,4.8982,3.5754,3.7979,4.1619,0.6342,1.0375,3.7464,1.1527,2.7474,2.9203,2.3208,1.1816
1,64,0.2535,0.2529,0.267,0.275,0.2986,0.2694,0.0188,0.2507,0.2912,0.2603,0.2457,0.2629,0.2622,0.0177,1.392,0.824,1.3628,0.8449,0.8297,1.0507,0.2985,4.9364,3.9999,5.1054,3.6237,3.9176,4.3166,0.6607,0.903,3.3622,0.999,2.8242,2.9011,2.1979,1.1572
2,1,0.4007,0.3949,0.3951,0.4348,0.4414,0.4134,0.0228,0.3835,0.4546,0.3967,0.3806,0.4164,0.4064,0.0305,2.0067,1.7164,2.0121,1.7318,1.7142,1.8362,0.1582,5.2964,5.534,5.3461,4.5547,5.2409,5.1944,0.3742,1.1527,1.7099,1.4025,1.7291,1.6907,1.537,0.2531
2,2,0.3949,0.4079,0.3953,0.5102,0.4399,0.4296,0.0486,0.3865,0.4586,0.3954,0.3793,0.4108,0.4061,0.0316,1.608,1.3871,1.9974,1.7441,2.0098,1.7493,0.2649,4.6304,4.7541,5.2541,4.5547,5.5931,4.9573,0.4479,1.806,2.5937,1.4601,1.7291,1.4025,1.7983,0.4766
2,4,0.4022,0.3713,0.3658,0.3963,0.387,0.3845,0.0157,0.3847,0.4257,0.3615,0.3681,0.356,0.3792,0.0281,2.0203,2.6841,2.2211,1.3678,1.2444,1.9075,0.6011,5.3276,7.8833,5.1168,4.0928,4.0473,5.2935,1.56,1.1335,0.6148,0.8069,2.6321,2.8626,1.61,1.0578
2,8,0.2563,0.2765,0.3988,0.1938,0.4474,0.3145,0.1051,0.2527,0.3131,0.3998,0.1721,0.4196,0.3115,0.1029,1.0021,0.9459,2.0246,0.4599,1.7254,1.2316,0.6329,3.5671,4.0211,5.2666,2.817,5.2368,4.1817,1.0673,2.5744,3.2277,1.4409,6.0903,1.7099,3.0086,1.8626
2,16,0.1259,0.1323,0.1314,0.1459,0.1665,0.1404,0.0163,0.1244,0.1639,0.1299,0.1281,0.1289,0.135,0.0163,0.7603,0.4852,0.3896,0.4571,0.4478,0.508,0.1453,3.9247,3.3004,2.9855,2.8532,3.1888,3.2505,0.415,0.9798,3.2661,4.4765,2.5168,3.5543,2.9587,1.31
2,32,0.155,0.156,0.1624,0.1716,0.1876,0.1665,0.0135,0.1526,0.1861,0.1545,0.1543,0.1529,0.1601,0.0146,1.0253,0.6259,0.8734,0.6511,0.5476,0.7446,0.1981,4.8536,4.013,4.3736,3.4089,3.4524,4.0203,0.6156,0.634,2.4207,0.903,1.902,2.5744,1.6868,0.8797
2,64,0.1928,0.1917,0.1867,0.2182,0.2119,0.2003,0.0139,0.1912,0.231,0.1812,0.1891,0.1814,0.1948,0.0207,1.1795,0.7549,1.2297,0.659,0.6125,0.8871,0.2948,5.1837,4.0775,5.0865,3.7008,3.8779,4.3853,0.6982,0.8453,3.0355,0.8453,2.8818,2.9971,2.121,1.1659
4,1,0.3997,0.3934,0.3931,0.4341,0.9291,0.5099,0.235,0.3825,0.4531,0.3897,0.3833,0.4114,0.404,0.0298,4.5503,1.7175,1.9942,1.734,1.7112,2.3414,1.2405,7.0647,5.534,5.2541,4.5314,5.2409,5.525,0.937,0.3266,1.7099,1.4601,1.7291,1.6907,1.3833,0.6007
4,2,0.3962,0.3938,0.3933,0.4294,0.433,0.4091,0.0202,0.3836,0.4329,0.3946,0.3783,0.4105,0.4,0.0221,2.005,1.7043,2.0235,1.7358,1.7097,1.8356,0.1636,5.2617,5.4421,5.3057,4.5537,5.2368,5.16,0.3481,1.172,1.7483,1.4217,1.7291,1.7099,1.5562,0.2531
4,4,0.2442,0.3699,0.3485,0.3894,0.3194,0.3343,0.0567,0.2504,0.4301,0.3421,0.3631,0.2624,0.3296,0.0744,1.4052,1.7641,1.8831,1.3399,0.8739,1.4532,0.3976,4.368,5.5775,5.0925,3.8712,3.1245,4.4068,0.9713,1.172,1.5178,0.8838,2.6513,3.2853,1.902,1.0238
4,8,0.2065,0.1293,0.1394,0.189,0.1585,0.1645,0.0327,0.2009,0.1623,0.1412,0.1709,0.1405,0.1632,0.0249,1.2193,0.472,0.359,0.6796,0.3667,0.6193,0.3595,3.9781,3.2373,2.7256,3.0848,2.6802,3.1412,0.5239,1.2872,3.6888,6.6282,2.3247,6.0519,3.9962,2.312
4,16,0.0812,0.08,0.0796,0.0863,0.0885,0.0831,0.004,0.0797,0.0892,0.0786,0.0784,0.0748,0.0801,0.0054,0.2064,0.1776,0.2486,0.1829,0.1805,0.1992,0.0299,2.5544,2.4904,2.9593,2.3793,2.543,2.5852,0.2203,6.5322,8.6455,3.8425,7.2238,6.6859,6.586,1.7456
4,32,0.0917,0.089,0.0881,0.1023,0.1051,0.0952,0.0079,0.0899,0.104,0.0865,0.0916,0.0862,0.0916,0.0073,0.4515,0.3328,0.4636,0.3247,0.33,0.3805,0.0705,3.8945,3.9882,4.194,3.2413,3.4651,3.7566,0.3919,1.1143,2.3439,1.0183,2.7089,2.5552,1.9481,0.8161
4,64,0.1143,0.113,0.1238,0.1334,0.1398,0.1249,0.0117,0.1116,0.1394,0.1185,0.1102,0.1135,0.1186,0.012,0.7756,0.4862,0.7212,0.438,0.5211,0.5884,0.1502,5.4602,4.5525,5.1518,3.71,4.7009,4.7151,0.6676,0.6724,1.9789,1.0567,1.9212,1.4217,1.4102,0.5599
8,1,0.3953,0.3929,0.3954,0.5005,0.4409,0.425,0.0468,0.3849,0.4484,0.3956,0.3777,0.416,0.4045,0.0285,2.0234,1.6275,1.9957,1.705,1.7162,1.8136,0.1824,5.2964,5.2517,5.2541,4.5387,5.2409,5.1164,0.3236,1.1527,1.9789,1.4601,1.7675,1.6907,1.61,0.3158
8,2,0.4107,0.3886,0.3903,0.4247,0.43,0.4089,0.0191,0.3843,0.6171,0.39,0.3793,0.4064,0.4354,0.1021,2.4584,1.7168,2.0316,1.7384,1.5953,1.9081,0.3469,5.8525,5.4555,5.3991,4.5547,5.0665,5.2656,0.4856,0.7301,1.7291,1.3641,1.7291,1.8828,1.487,0.4642
8,4,0.3314,0.3534,0.3509,0.3588,0.2587,0.3306,0.0415,0.3196,0.399,0.3475,0.3301,0.2249,0.3242,0.0634,1.419,1.2052,1.8505,1.2425,0.6732,1.2781,0.4243,3.8939,4.3241,5.3814,3.6377,3.4,4.1274,0.7802,1.5562,2.7089,1.1143,2.5937,3.9193,2.3785,1.0959
8,8,0.1232,0.1195,0.122,0.1534,0.2889,0.1614,0.0726,0.1163,0.1365,0.1255,0.1401,0.2322,0.1501,0.0468,0.4305,0.3058,0.5265,0.3714,0.8069,0.4882,0.1957,3.0716,2.6238,3.1701,2.5646,3.4912,2.9843,0.389,3.1124,7.0509,2.5744,5.3218,3.3622,4.2843,1.8627
8,16,0.059,0.059,0.0629,0.0602,0.0696,0.0621,0.0045,0.0585,0.0675,0.0622,0.0553,0.0572,0.0601,0.0048,0.1694,0.1857,0.2261,0.1445,0.1577,0.1767,0.0315,2.5972,3.1295,3.0355,2.5113,2.8876,2.8322,0.2697,4.4957,3.9769,2.9779,5.879,5.4371,4.5533,1.1571
8,32,0.0545,0.0525,0.0595,0.0632,0.0731,0.0606,0.0082,0.0538,0.0628,0.0588,0.0554,0.0573,0.0576,0.0035,0.2124,0.1842,0.3038,0.1788,0.2275,0.2214,0.0503,3.0472,3.5123,3.945,2.698,3.8407,3.4086,0.5293,2.1518,3.1316,1.268,3.5927,2.1518,2.4592,0.9145
8,64,0.0761,0.0768,0.0771,0.0967,0.1013,0.0856,0.0123,0.074,0.1016,0.0763,0.0746,0.0775,0.0808,0.0117,0.5888,0.3094,0.4696,0.3635,0.3278,0.4118,0.1168,6.1599,4.7432,5.7217,4.1688,4.6436,5.0874,0.8234,0.5187,2.1518,0.8453,1.5754,1.7675,1.3718,0.6729
16,1,0.3997,0.3932,0.4167,0.428,0.4408,0.4157,0.0196,0.4324,0.4338,0.3906,0.38,0.4104,0.4094,0.0242,2.0618,1.7238,2.0048,1.5796,1.6796,1.8099,0.2114,5.2776,5.534,5.228,4.3484,5.2132,5.1203,0.4505,1.1527,1.7099,1.4601,2.0749,1.7291,1.6254,0.343
16,2,0.3819,0.3809,0.4165,0.4066,0.4349,0.4042,0.0231,0.3814,0.4199,0.3868,0.3757,0.3953,0.3918,0.0173,2.4753,1.4231,2.4747,2.9148,2.04,2.2656,0.5634,5.8701,4.7728,6.072,5.2754,5.4972,5.4975,0.5107,0.6916,2.3055,0.8838,0.6148,1.3833,1.1758,0.6989
16,4,0.4035,0.307,0.3377,0.3625,0.3562,0.3534,0.0354,0.3848,0.3533,0.3243,0.3284,0.3112,0.3404,0.0291,2.023,1.3072,1.6942,1.3307,1.0205,1.4751,0.3886,5.306,4.3899,4.7007,3.3624,3.8064,4.3131,0.7587,1.1527,2.2478,1.1912,2.0365,3.3237,1.9904,0.8926
16,8,0.0942,0.0927,0.0989,0.0902,0.1372,0.1026,0.0196,0.0906,0.1043,0.0962,0.0865,0.104,0.0963,0.0079,0.3132,0.227,0.4553,0.2139,0.2556,0.293,0.0984,2.5767,2.5322,3.0701,2.4288,2.5273,2.627,0.2535,3.5543,8.3189,2.2863,7.2815,7.3775,5.7637,2.6651
16,16,0.0564,0.0555,0.0553,0.0601,0.0687,0.0592,0.0056,0.0557,0.0619,0.0549,0.056,0.0549,0.0567,0.003,0.1965,0.1637,0.2586,0.1663,0.1686,0.1907,0.0402,2.9385,2.996,3.2215,2.5914,2.7508,2.8996,0.2406,2.9395,5.0913,1.633,4.5149,4.2075,3.6772,1.3879
16,32,0.0528,0.0525,0.0491,0.0581,0.0619,0.0549,0.0051,0.0522,0.0651,0.0483,0.0503,0.0468,0.0525,0.0073,0.2261,0.1935,0.2285,0.1636,0.1725,0.1968,0.0299,3.4292,4.0865,3.7409,3.0192,3.3422,3.5236,0.4063,1.4986,2.3439,1.4793,3.1508,2.5168,2.1979,0.7135
16,64,0.0565,0.0558,0.0597,0.0758,0.0777,0.0651,0.0107,0.0558,0.0756,0.0584,0.0568,0.0558,0.0605,0.0085,0.4197,0.2489,0.4054,0.2733,0.2601,0.3215,0.0837,5.3032,4.7487,5.2548,3.9136,4.9699,4.838,0.5635,0.7109,1.9597,0.7301,1.633,1.2872,1.2642,0.5504
32,1,0.3864,0.3894,0.3912,0.4065,0.4267,0.4001,0.0168,0.3802,0.4392,0.3857,0.3761,0.4038,0.397,0.0259,2.0122,4.0634,2.6149,1.7323,1.6011,2.4048,1.0059,5.152,9.2763,6.5363,4.3814,5.0551,6.0802,1.9507,1.1527,0.4803,0.7493,1.633,1.8828,1.1796,0.5863
32,2,0.4028,0.3974,0.3976,0.4229,0.4244,0.409,0.0135,0.3848,0.4565,0.3981,0.3729,0.3895,0.4003,0.0327,2.0248,1.7474,2.0238,1.7467,1.065,1.7215,0.3923,5.3276,5.534,5.2094,4.5692,3.9681,4.9217,0.6435,1.1335,1.7099,1.4793,1.6907,4.2459,2.0519,1.2482
32,4,0.1645,0.1578,0.1442,0.1925,0.1656,0.1649,0.0176,0.158,0.1803,0.1446,0.1712,0.137,0.1582,0.018,0.6415,0.3514,0.7155,0.6891,0.3158,0.5427,0.1931,2.8063,2.3869,3.3146,2.6949,2.3548,2.7115,0.3891,2.9587,10.4131,2.171,3.2853,8.6647,5.4986,3.7616
32,8,0.0544,0.0523,0.057,0.0613,0.0687,0.0587,0.0065,0.0541,0.059,0.0567,0.0559,0.0546,0.0561,0.0019,0.2034,0.1619,0.2554,0.1757,0.1542,0.1901,0.041,2.9076,2.9793,3.3716,2.6707,2.7265,2.9311,0.2769,2.9011,4.8799,2.1326,4.2651,5.4371,3.9232,1.3762
32,16,0.034,0.0328,0.0367,0.0398,0.0458,0.0378,0.0052,0.0331,0.0382,0.0362,0.035,0.0349,0.0355,0.0019,0.1337,0.0878,0.1718,0.1034,0.1112,0.1216,0.0326,3.3744,2.9859,3.6561,2.7593,3.1351,3.1822,0.3468,2.2671,5.4563,1.6523,4.342,4.1114,3.5658,1.567
32,32,0.0199,0.0194,0.0196,0.0258,0.0271,0.0224,0.0038,0.0195,0.0236,0.0192,0.02,0.0183,0.0201,0.002,0.0703,0.0657,0.0706,0.0877,0.0612,0.0711,0.01,3.2538,3.4928,3.5215,3.2644,3.1711,3.3407,0.1565,2.4207,3.0548,2.1902,1.7483,2.805,2.4438,0.5129
64,1,0.4163,0.4069,0.409,0.443,0.4546,0.4259,0.0215,0.3855,0.4569,0.3997,0.3826,0.4193,0.4088,0.0306,2.0267,1.7531,2.0185,1.7317,1.7191,1.8498,0.1582,5.3276,5.5563,5.2437,4.525,5.2368,5.1779,0.3872,1.1335,1.6907,1.4601,1.7483,1.7099,1.5485,0.258
64,2,0.06,0.0605,0.0633,0.0657,0.0723,0.0644,0.005,0.0574,0.0692,0.0636,0.0642,0.0604,0.063,0.0044,0.2619,0.1107,0.3688,0.166,0.1365,0.2088,0.1062,2.9224,2.4785,3.5205,2.4842,2.4369,2.7685,0.4648,2.4784,11.9308,1.5562,7.2046,8.3573,6.3055,4.2973
64,4,0.0298,0.0275,0.0298,0.0311,0.0356,0.0308,0.003,0.0286,0.0319,0.0292,0.0287,0.0273,0.0291,0.0017,0.13,0.0781,0.1579,0.0695,0.0718,0.1015,0.0401,3.3434,2.8342,3.8408,2.4724,2.8274,3.0636,0.5339,1.7291,5.8982,1.4025,7.2046,6.0903,4.4649,2.6956
64,8,0.0185,0.0182,0.0197,0.0218,0.024,0.0205,0.0025,0.0179,0.0219,0.0193,0.0185,0.0185,0.0192,0.0016,0.0686,0.0469,0.0855,0.054,0.0524,0.0615,0.0156,3.119,2.7303,3.771,2.6871,2.946,3.0507,0.4386,2.5168,6.3016,1.7099,4.438,4.6494,3.9232,1.8252
64,16,0.0137,0.0133,0.013,0.0165,0.018,0.0149,0.0022,0.0135,0.0166,0.0128,0.0138,0.0122,0.0138,0.0017,0.0407,0.0434,0.0489,0.0462,0.0434,0.0445,0.0031,2.7092,3.2109,3.4519,2.7948,3.3772,3.1088,0.3385,3.804,3.6695,2.4207,3.0355,2.8818,3.1623,0.5731
